id,season,home_team_api_id,away_team_api_id,home_team_goal,away_team_goal,B365H,B365D,B365A,BWH,BWD,BWA,IWH,IWD,IWA,LBH,LBD,LBA,PSH,PSD,PSA,WHH,WHD,WHA,VCH,VCD,VCA,awaypos,homepos
9645,2014/2015,9823,8721,2,1,1.25,6,10,1.26,5.75,10,1.28,5.5,8.5,1.25,6.5,10,1.28,6.47,12,1.2,7,12,1.29,6,12,44,56
9646,2014/2015,9789,8178,0,2,1.57,4.33,5,1.62,4,5,1.55,4.3,5,1.57,4,5.5,1.63,4.39,5.56,1.62,4.2,5,1.65,4,6,47,53
9647,2014/2015,9788,10269,1,1,1.95,3.5,3.75,1.95,3.5,3.7,1.9,3.45,3.8,1.9,3.6,3.8,1.94,3.73,4.22,1.95,3.5,3.8,1.95,3.6,4.2,44,56
9648,2014/2015,8226,8406,2,0,1.91,3.6,3.8,1.95,3.5,3.7,2,3.4,3.5,1.9,3.6,3.75,1.96,3.83,4.02,1.95,3.5,3.8,2,3.75,3.75,49,51
9649,2014/2015,9904,10189,2,1,2.9,3.5,2.3,2.85,3.5,2.3,2.85,3.4,2.3,3,3.4,2.3,3.15,3.58,2.37,3.2,3.2,2.3,3.2,3.5,2.38,57,43
9650,2014/2015,8177,8697,2,2,1.95,3.5,3.75,1.95,3.6,3.6,2,3.3,3.6,2,3.4,3.75,1.97,3.67,4.16,1.95,3.5,3.8,2,3.5,4.1,39,61
9651,2014/2015,9810,8358,1,0,2.05,3.4,3.6,2.05,3.4,3.5,2,3.4,3.5,2,3.5,3.6,2.04,3.63,3.93,2.1,3.3,3.5,2.05,3.5,4,45,55
9652,2014/2015,8722,9790,0,0,2,3.5,3.6,2.05,3.5,3.4,2.1,3.3,3.3,2,3.4,3.4,2.04,3.67,3.89,2.05,3.6,3.4,2.05,3.6,3.8,55,45
9653,2014/2015,8460,9905,2,2,3.1,3.4,2.25,2.85,3.4,2.35,2.75,3.3,2.4,2.87,3.4,2.37,3.15,3.43,2.43,3.1,3.1,2.4,3,3.5,2.45,60,40
9654,2014/2015,9823,9789,2,1,1.44,4.5,6.5,1.53,4.1,6.25,1.53,3.85,6,1.44,4.5,6.5,1.5,4.78,7.05,1.5,4.33,6,1.5,4.5,6.5,36,64
9655,2014/2015,10189,8406,1,0,1.91,3.6,3.8,1.95,3.4,3.75,1.85,3.45,4,1.9,3.6,4,1.98,3.69,4.09,1.91,3.6,3.75,1.95,3.6,3.9,48,52
9656,2014/2015,9788,8226,3,1,1.95,3.5,3.75,1.95,3.4,3.8,1.9,3.45,3.8,1.95,3.5,3.75,2.01,3.71,3.95,2,3.5,3.6,2.05,3.75,3.6,42,58
9657,2014/2015,9905,8697,1,2,1.73,4,4.33,1.78,3.5,4.5,1.77,3.6,4.2,1.66,4,4.75,1.82,3.95,4.59,1.83,3.5,4.2,1.87,4,4.2,40,60
9658,2014/2015,9904,9810,1,0,2.25,3.4,3.1,2.35,3.3,2.9,2.2,3.3,3.1,2.3,3.5,3,2.31,3.63,3.21,2.3,3.5,2.9,2.3,3.5,3.1,36,64
9659,2014/2015,10269,8721,0,4,3.3,3.5,2.1,3.1,3.3,2.25,2.9,3.3,2.3,3.2,3.5,2.15,3.35,3.71,2.21,3.2,3.2,2.25,3.2,3.5,2.2,47,53
9660,2014/2015,9790,8178,1,0,3.4,3.5,2.05,3.5,3.4,2.05,3.3,3.3,2.1,3.6,3.5,2,3.82,3.73,2.04,3.4,3.5,2.05,3.6,3.6,2.05,50,50
9661,2014/2015,8722,8358,0,1,1.91,3.6,3.8,1.91,3.4,3.9,1.9,3.3,4,1.95,3.5,3.75,1.94,3.6,4.39,1.91,3.4,4,1.92,3.6,4.3,52,48
9662,2014/2015,8460,8177,3,1,2.5,3.5,2.63,2.7,3.1,2.7,2.5,3.3,2.65,2.37,3.5,2.8,2.62,3.49,2.84,2.62,3.2,2.7,2.7,3.5,2.7,45,55
9663,2014/2015,9789,9788,1,0,1.57,4.33,5,1.65,3.75,5,1.65,3.7,4.9,1.57,4,5.5,1.61,4.44,5.75,1.62,3.75,5.5,1.62,4.3,5.4,34,66
9664,2014/2015,8178,9905,0,0,1.5,4.33,6,1.53,3.9,6.25,1.5,4,6.1,1.5,4.33,6,1.5,4.75,6.92,1.53,4,6,1.55,4.5,6.25,49,51
9665,2014/2015,8721,9790,2,0,1.57,4.2,5.25,1.62,3.9,5,1.6,3.9,5,1.61,4,5,1.63,4.33,5.71,1.62,3.75,5.5,1.65,4.2,5.4,38,62
9666,2014/2015,8406,8460,3,0,1.73,3.8,4.5,1.83,3.5,4.2,1.8,3.5,4.2,1.8,3.6,4.33,1.79,3.81,5.04,1.8,3.5,4.5,1.83,3.8,4.6,56,44
9667,2014/2015,8226,8722,3,4,1.8,3.8,4,1.85,3.4,4.25,1.75,3.5,4.5,1.75,3.75,4.33,1.85,3.74,4.67,1.83,3.5,4.33,1.87,3.8,4.4,45,55
9668,2014/2015,8177,9904,0,2,2.05,3.4,3.5,2.1,3.25,3.5,2.1,3.3,3.3,2.05,3.4,3.6,2.11,3.57,3.75,2.05,3.4,3.6,2.1,3.4,3.6,57,43
9669,2014/2015,8697,10269,2,0,2.63,3.3,2.63,2.65,3.2,2.65,2.65,3.3,2.5,2.5,3.4,2.7,2.63,3.73,2.68,2.62,3.3,2.62,2.62,3.5,2.62,55,45
9670,2014/2015,9810,9823,0,4,13,7,1.18,11.5,6.25,1.24,10,6,1.23,12,6,1.22,14.15,7.05,1.24,12,6,1.22,15,7,1.2,64,36
9671,2014/2015,8358,10189,2,0,2.63,3.5,2.5,2.6,3.3,2.6,2.9,3.3,2.3,2.87,3.4,2.37,2.84,3.43,2.66,2.7,3.2,2.62,2.8,3.5,2.55,50,50
9672,2014/2015,9823,8226,4,0,1.14,8,15,1.17,7.25,14.5,1.17,6.5,14,1.14,8,15,1.17,9.04,17.4,1.17,7,15,1.17,9,18,37,63
9673,2014/2015,10189,8721,3,2,3,3.4,2.3,2.95,3.25,2.35,2.65,3.3,2.5,2.9,3.5,2.38,3.21,3.61,2.27,3,3.2,2.37,3,3.4,2.3,52,48
9674,2014/2015,9788,9810,1,3,1.36,5,7.5,1.45,4.33,6.5,1.5,4,6.1,1.44,4.33,7,1.4,5.34,8.39,1.44,4.33,7,1.45,4.8,7,41,59
9675,2014/2015,9905,8358,2,2,2.15,3.3,3.4,2.2,3.3,3.2,2,3.3,3.6,2.05,3.4,3.5,2.17,3.49,3.66,2.2,3.3,3.3,2.2,3.4,3.5,41,59
9676,2014/2015,9904,8178,1,3,3.8,3.6,1.91,3.6,3.4,2,3.3,3.3,2.1,3.8,3.5,1.95,4.17,3.73,1.95,3.8,3.3,2,3.9,3.5,2,39,61
9677,2014/2015,10269,8406,0,1,2.38,3.5,2.8,2.5,3.3,2.7,2.4,3.3,2.75,2.4,3.4,2.8,2.53,3.49,2.96,2.6,3.1,2.8,2.45,3.4,2.9,57,43
9678,2014/2015,9790,8697,2,0,1.91,3.6,3.75,1.95,3.4,3.75,2.1,3.3,3.3,1.91,3.6,3.75,1.9,3.81,4.32,1.95,3.5,3.75,1.93,3.6,4.1,37,63
9679,2014/2015,8722,8177,1,2,2.1,3.3,3.5,2.15,3.2,3.4,2.1,3.3,3.3,2.1,3.3,3.5,2.22,3.37,3.65,2.25,3.2,3.2,2.2,3.25,3.6,46,54
9680,2014/2015,8460,9789,2,2,7,4.75,1.4,7.25,4.1,1.47,7,4,1.45,7,4.33,1.44,7.65,5.07,1.44,7,4.33,1.44,7,4.8,1.45,66,34
9681,2014/2015,10189,9905,4,1,1.95,3.7,3.75,1.91,3.4,4,1.95,3.45,3.6,1.8,3.6,4.33,1.95,3.7,4.21,1.95,3.3,4,1.95,3.7,3.9,43,57
9682,2014/2015,8178,8722,5,1,1.5,4.33,6.5,1.53,4.1,5.75,1.55,4,5.5,1.5,4.33,6,1.53,4.45,7.08,1.53,4,6,1.55,4.33,6.5,33,67
9683,2014/2015,8721,9788,1,0,1.91,3.75,3.8,1.95,3.4,3.75,2,3.3,3.6,1.85,3.6,4,1.93,3.82,4.18,1.91,3.4,4,1.95,3.8,3.9,62,38
9684,2014/2015,8406,9790,3,1,2,3.5,3.75,2,3.25,3.8,1.9,3.45,3.8,1.9,3.5,4,2.03,3.54,4.08,2.05,3.3,3.6,2.05,3.6,3.9,46,54
9685,2014/2015,8226,9904,4,3,1.7,4,4.75,1.75,3.6,4.6,1.8,3.5,4.2,1.75,3.75,4.33,1.75,4.09,4.93,1.67,4.2,4.5,1.75,3.8,4.6,56,44
9686,2014/2015,8177,9823,0,1,15,7.5,1.18,11,7,1.2,12,5.5,1.22,13,6.5,1.2,18.1,8,1.19,15,5.5,1.22,18,7,1.2,76,24
9687,2014/2015,8697,8460,4,0,2.2,3.5,3.25,2.25,3.4,3,2.2,3.3,3.1,2.2,3.5,3.1,2.28,3.6,3.29,2.3,3.2,3.2,2.25,3.5,3.2,29,71
9688,2014/2015,9810,9789,2,0,5,4.33,1.62,5,4,1.62,4.6,3.9,1.65,5,4,1.61,5.42,4.45,1.64,5,4,1.62,5,4.4,1.67,43,57
9689,2014/2015,8358,10269,1,4,2.25,3.4,3.1,2.4,3.3,2.85,2.4,3.3,2.75,2.25,3.5,3,2.43,3.55,3.06,2.25,3.4,3.1,2.4,3.5,2.88,46,54
9690,2014/2015,9823,8178,1,0,1.25,6,12,1.28,6,8.5,1.25,6,9.5,1.25,6,10,1.28,6.78,10.93,1.25,5.5,12,1.29,6.25,12,38,62
9691,2014/2015,9789,8226,1,0,1.5,4.6,6,1.55,4.33,5.25,1.6,3.9,5,1.5,4.33,6,1.52,4.87,6.4,1.5,4.5,5.5,1.53,4.8,6,51,49
9692,2014/2015,9788,8177,3,2,1.67,3.8,5.25,1.67,3.75,5,1.65,3.9,4.6,1.61,3.75,5.5,1.73,3.91,5.37,1.7,3.4,5.5,1.7,3.8,5.5,36,64
9693,2014/2015,9904,8721,1,3,3.8,3.6,1.95,3.7,3.5,1.95,3.6,3.3,2,3.8,3.5,1.95,4.12,3.86,1.93,4,3.3,1.95,3.9,3.6,1.98,49,51
9694,2014/2015,9810,8697,5,2,2.05,3.6,3.5,2,3.4,3.6,2,3.3,3.6,1.9,3.6,3.8,2.01,3.85,3.8,2,3.4,3.75,2.05,3.6,3.5,42,58
9695,2014/2015,10269,10189,0,4,2.25,3.4,3.25,2.25,3.3,3.1,2.3,3.3,2.9,2.25,3.4,3.1,2.24,3.65,3.34,2.3,3.2,3.2,2.25,3.4,3.25,62,38
9696,2014/2015,9790,9905,2,1,2.1,3.4,3.6,2.1,3.3,3.4,2,3.3,3.6,2.1,3.4,3.4,2.12,3.58,3.72,2.05,3.5,3.5,2.15,3.5,3.6,46,54
9697,2014/2015,8722,8406,1,2,2.88,3.2,2.55,2.75,3.1,2.7,2.6,3.2,2.6,2.7,3.25,2.62,2.97,3.25,2.66,2.8,3,2.7,2.9,3.2,2.62,63,37
9698,2014/2015,8460,8358,1,1,2.38,3.3,3.1,2.4,3.3,2.85,2.3,3.2,3,2.4,3.4,2.8,2.44,3.55,3.04,2.4,3.1,3.1,2.45,3.5,3,38,62
9699,2014/2015,10189,8722,1,2,1.8,3.7,4.5,1.8,3.5,4.33,1.65,3.7,4.9,1.7,3.75,4.75,1.88,3.78,4.49,1.83,3.4,4.5,1.87,3.75,4.5,52,48
9700,2014/2015,8178,9788,1,1,1.67,4,5,1.72,3.6,4.75,1.8,3.5,4.2,1.7,3.75,4.75,1.7,4.08,5.31,1.73,3.75,4.5,1.73,4,5,38,62
9701,2014/2015,8721,8460,1,1,1.36,5.25,8,1.42,4.75,6.5,1.37,4.8,7.2,1.4,4.75,7,1.41,5.41,7.88,1.4,4.5,8,1.4,4.8,7.5,35,65
9702,2014/2015,9905,10269,1,1,2.38,3.4,3,2.35,3.3,2.95,2.3,3.3,2.9,2.2,3.5,3.1,2.38,3.6,3.09,2.3,3.2,3.2,2.4,3.5,2.9,36,64
9703,2014/2015,8406,9823,0,4,9.5,5.75,1.3,8,5.25,1.33,9,5,1.3,8,5.25,1.33,9.79,5.42,1.36,11,4.5,1.33,9.5,5.25,1.36,74,26
9704,2014/2015,8226,9810,3,2,1.85,3.9,4,1.91,3.5,3.8,1.85,3.5,3.9,1.85,3.8,4,1.86,4.05,4.23,1.8,4.2,3.75,1.9,4.2,3.8,52,48
9705,2014/2015,8177,9789,1,0,5.5,4,1.62,5,4,1.62,5,4,1.6,5.5,4,1.57,5.88,4.08,1.65,5,4,1.65,5.5,4,1.67,61,39
9706,2014/2015,8697,9904,3,3,2.45,3.4,2.88,2.45,3.25,2.8,2.3,3.3,2.9,2.4,3.4,2.8,2.54,3.51,2.93,2.5,3.2,2.8,2.45,3.5,2.88,53,47
9707,2014/2015,8358,9790,0,0,2.4,3.3,3,2.45,3.25,2.8,2.4,3.3,2.75,2.37,3.25,3,2.42,3.43,3.17,2.5,3.2,2.8,2.4,3.4,3.1,55,45
9708,2014/2015,9823,8358,2,0,1.08,11,29,1.1,9.75,20,1.1,8,20,1.09,11,23,1.09,13.5,32,1.1,9,26,1.09,12,31,24,76
9709,2014/2015,9789,8721,2,2,1.85,3.75,4.2,1.91,3.5,3.8,1.9,3.5,3.75,1.9,3.5,4,1.93,3.98,3.98,1.83,3.5,4.2,1.95,3.75,3.9,66,34
9710,2014/2015,9788,8697,4,1,1.44,4.75,7,1.48,4.4,6,1.5,4,6.1,1.44,4.5,6.5,1.47,4.96,7.17,1.44,4.33,7,1.5,4.5,6.5,34,66
9711,2014/2015,8226,8178,0,1,3.25,3.75,2.1,3.1,3.4,2.2,3.1,3.3,2.2,3.2,3.4,2.2,3.24,3.83,2.22,3.3,3.3,2.2,3.4,3.4,2.25,60,40
9712,2014/2015,9904,8406,2,0,2.3,3.3,3.1,2.45,3.2,2.85,2.5,3.3,2.65,2.38,3.3,2.9,2.44,3.46,3.11,2.4,3.3,2.9,2.5,3.3,3.1,36,64
9713,2014/2015,9810,8177,4,4,2.05,3.5,3.6,2.15,3.4,3.25,2.2,3.3,3.1,2.1,3.5,3.25,2.09,3.7,3.73,2.1,3.3,3.5,2.15,3.4,3.4,24,76
9714,2014/2015,9790,10269,0,1,2.1,3.4,3.6,2.15,3.4,3.2,2.2,3.3,3.1,2.15,3.4,3.25,2.16,3.54,3.64,2.2,3.3,3.3,2.2,3.4,3.6,37,63
9715,2014/2015,8722,9905,0,0,2.25,3.4,3.2,2.4,3.2,2.9,2.3,3.3,2.9,2.3,3.4,3,2.36,3.41,3.3,2.3,3.2,3.2,2.38,3.3,3.2,56,44
9716,2014/2015,8460,10189,1,2,2.75,3.5,2.5,2.65,3.3,2.55,2.65,3.3,2.5,2.8,3.5,2.38,2.83,3.56,2.58,2.8,3.2,2.5,2.8,3.3,2.6,43,57
9717,2014/2015,10189,9790,0,0,1.8,3.6,4.5,1.83,3.6,4.1,1.85,3.6,3.8,1.72,3.75,4.5,1.81,3.84,4.85,1.83,3.4,4.5,1.85,3.6,4.5,37,63
9718,2014/2015,8178,9810,1,1,1.44,4.75,7,1.48,4.1,6.5,1.55,4,5.5,1.44,4.5,6.5,1.47,5.05,7.06,1.44,4.33,7,1.45,4.8,7,48,52
9719,2014/2015,8721,8722,2,1,1.5,4.2,7,1.53,4.2,5.75,1.55,4,5.5,1.5,4.1,6.5,1.5,4.58,7.34,1.53,3.75,7,1.5,4.5,7,32,68
9720,2014/2015,9905,9823,1,2,15,7,1.2,11.5,6.25,1.22,10.3,5.5,1.25,12,6,1.22,16.6,7.38,1.21,11,6.5,1.22,18,7,1.2,68,32
9721,2014/2015,8406,9788,2,1,2.5,3.4,2.8,2.6,3.3,2.75,2.6,3.2,2.6,2.5,3.3,2.75,2.64,3.41,2.87,2.62,3.1,2.8,2.6,3.4,2.9,43,57
9722,2014/2015,8177,8226,0,5,2.5,3.4,2.8,2.55,3.25,2.7,2.6,3.2,2.6,2.5,3.3,2.75,2.6,3.51,2.85,2.6,3.2,2.75,2.55,3.5,2.8,62,38
9723,2014/2015,8697,9789,2,1,6.5,4.33,1.5,5.75,3.8,1.57,6,3.85,1.53,6,4,1.53,5.95,4.64,1.57,6,3.8,1.57,5.75,4.2,1.57,59,41
9724,2014/2015,8358,9904,2,2,2.45,3.4,2.88,2.5,3.3,2.7,2.4,3.3,2.75,2.4,3.3,2.87,2.55,3.5,2.92,2.5,3.2,2.8,2.5,3.4,2.9,56,44
9725,2014/2015,10269,8460,0,0,1.85,3.8,4,1.9,3.4,4,1.85,3.5,3.9,1.9,3.6,3.8,1.88,3.9,4.33,1.91,3.5,4,1.87,3.8,4.1,58,42
9726,2014/2015,10189,9904,1,0,1.95,3.5,4,1.91,3.5,3.8,1.9,3.45,3.8,1.9,3.6,4,2.08,3.71,3.67,2,3.2,4,2.05,3.75,3.6,47,53
9727,2014/2015,8178,9789,0,0,2.5,3.4,2.8,2.45,3.2,3,2.5,3.2,2.75,2.4,3.4,2.8,2.47,3.51,3.03,2.5,3.2,2.9,2.45,3.5,2.9,37,63
9728,2014/2015,8721,9823,4,1,6.5,4.33,1.5,5.75,4.5,1.55,5,4,1.62,6,4.5,1.5,6.94,4.65,1.51,6,4.4,1.5,7,4.6,1.5,69,31
9729,2014/2015,9905,8460,5,0,2.05,3.5,3.6,2.05,3.4,3.5,2,3.3,3.6,2.05,3.4,3.5,2.07,3.6,3.85,2.05,3.3,3.75,2.05,3.6,3.75,43,57
9730,2014/2015,8406,8226,3,1,2.4,3.4,2.9,2.4,3.1,3,2.3,3.3,2.9,2.37,3.4,2.87,2.42,3.47,3.14,2.4,3.1,3.1,2.4,3.4,3,37,63
9731,2014/2015,8697,8177,2,0,2.38,3.4,3,2.45,3.3,2.8,2.3,3.3,2.9,2.3,3.4,3,2.39,3.53,3.14,2.4,3.1,3.1,2.4,3.5,3,38,62
9732,2014/2015,8358,9810,4,1,2.63,3.5,2.63,2.6,3.25,2.65,2.4,3.3,2.75,2.5,3.4,2.7,2.69,3.66,2.67,2.7,3.1,2.7,2.7,3.6,2.62,47,53
9733,2014/2015,10269,9788,0,1,3,3.4,2.38,2.8,3.3,2.45,2.75,3.3,2.4,2.87,3.4,2.37,3,3.51,2.49,2.9,3.2,2.5,2.9,3.5,2.5,62,38
9734,2014/2015,9790,8722,0,2,2.2,3.3,3.4,2.25,3.3,3.1,2.1,3.3,3.3,2.2,3.3,3.3,2.26,3.26,3.69,2.3,3.2,3.2,2.25,3.3,3.6,45,55
9735,2014/2015,9823,10189,1,1,1.13,9,19,1.16,7.5,13,1.2,6,12.5,1.14,8,15,1.15,9.8,20.89,1.14,8,17,1.15,9,20,52,48
9736,2014/2015,9789,8406,0,1,1.44,4.5,7.5,1.48,4.6,5.75,1.47,4,6.6,1.44,4.33,7,1.46,4.66,8.27,1.44,4,8,1.45,4.6,8,60,40
9737,2014/2015,9788,8358,1,0,1.53,4.33,6,1.53,4.5,5.25,1.55,4,5.5,1.53,4.33,5.5,1.57,4.41,6.38,1.55,4,6,1.57,4.4,6,48,52
9738,2014/2015,8226,8697,1,2,1.67,4.2,4.75,1.7,4,4.25,1.77,3.5,4.35,1.67,4.1,4.5,1.7,4.39,4.92,1.73,3.8,4.5,1.73,4.33,4.6,47,53
9739,2014/2015,9904,9905,1,1,2.25,3.4,3.25,2.3,3.4,2.9,2.2,3.3,3.1,2.2,3.5,3.1,2.33,3.57,3.2,2.25,3.3,3.2,2.3,3.5,3.13,42,58
9740,2014/2015,8177,8178,0,1,5.5,3.75,1.67,4.75,3.7,1.7,4.2,3.5,1.8,5,3.6,1.7,5.49,3.88,1.72,5,3.6,1.73,5.5,3.8,1.73,46,54
9741,2014/2015,9810,8721,1,1,3.8,4,1.85,3.75,3.6,1.9,3.8,3.45,1.9,3.8,3.8,1.85,4.05,4.12,1.88,3.75,4,1.85,3.9,4.1,1.9,50,50
9742,2014/2015,8722,10269,0,0,2.25,3.4,3.2,2.25,3.3,3.1,2.4,3.3,2.75,2.2,3.3,3.25,2.23,3.49,3.5,2.25,3.2,3.3,2.3,3.4,3.4,47,53
9743,2014/2015,8460,9790,0,3,2.5,3.3,2.88,2.5,3.3,2.7,2.5,3.3,2.65,2.38,3.4,2.9,2.57,3.49,2.9,2.5,3.2,2.9,2.55,3.5,2.9,36,64
9744,2014/2015,10189,9823,1,1,6,4.75,1.44,5.75,4.5,1.48,5.5,4,1.55,6,4.33,1.5,7.07,4.77,1.5,6,4.4,1.5,6.25,4.75,1.53,61,39
9745,2014/2015,8178,8177,4,2,1.44,4.5,6.5,1.45,4.25,6.75,1.5,4,6.1,1.44,4.1,7,1.45,4.86,8.15,1.44,4.8,6,1.45,4.8,7,26,74
9746,2014/2015,8721,9810,2,2,1.57,4.33,5,1.67,3.7,5,1.65,3.7,4.9,1.66,3.75,5,1.62,4.34,5.84,1.65,4,4.8,1.67,4.3,5,42,58
9747,2014/2015,9905,9904,0,0,2.2,3.3,3.3,2.2,3.4,3.1,2.2,3.3,3.1,2.1,3.5,3.3,2.18,3.61,3.52,2.2,3.4,3.2,2.2,3.5,3.3,49,51
9748,2014/2015,8406,9789,2,3,4.5,3.75,1.73,4.75,3.9,1.72,4.3,3.8,1.7,5,3.75,1.66,5.11,4,1.74,4.6,3.8,1.73,4.8,3.9,1.73,40,60
9749,2014/2015,8697,8226,1,1,3.2,3.5,2.15,3.1,3.4,2.2,2.9,3.3,2.3,3,3.4,2.2,3.35,3.74,2.2,3.1,3.6,2.2,3.2,3.6,2.2,56,44
9750,2014/2015,8358,9788,0,0,2.88,3.4,2.38,2.85,3.5,2.3,2.75,3.3,2.4,3,3.4,2.3,3.06,3.55,2.43,2.9,3.4,2.38,3,3.4,2.4,56,44
9751,2014/2015,10269,8722,0,2,2,3.5,3.6,2,3.4,3.6,2.1,3.3,3.3,2,3.4,3.6,1.98,3.65,4.14,2.05,3.4,3.6,2,3.6,4,42,58
9752,2014/2015,9790,8460,0,3,1.67,3.8,5,1.78,3.5,4.5,1.7,3.7,4.5,1.75,3.6,4.5,1.76,3.96,5.04,1.75,3.75,4.5,1.75,3.8,4.8,38,62
9753,2014/2015,10189,9788,1,0,2.6,3.3,2.75,2.6,3.2,2.7,2.45,3.3,2.7,2.5,3.4,2.8,2.68,3.45,2.8,2.5,3.3,2.8,2.7,3.4,2.75,65,35
9754,2014/2015,8721,8226,3,0,1.57,4.33,5.5,1.62,3.9,5,1.55,3.9,5.6,1.57,4.2,5.25,1.6,4.52,5.82,1.62,3.8,5.5,1.62,4.5,5.25,35,65
9755,2014/2015,9905,8177,0,2,1.91,3.6,4,1.91,3.3,4.1,2.1,3.3,3.3,1.9,3.5,4,1.92,3.6,4.55,1.91,3.5,4,1.92,3.6,4.4,41,59
9756,2014/2015,8406,9810,2,2,1.91,3.8,3.8,1.91,3.4,3.9,1.9,3.45,3.8,1.83,3.75,4,1.99,3.78,3.95,1.95,3.5,3.8,1.95,3.8,3.8,58,42
9757,2014/2015,8697,8178,2,1,4.2,3.75,1.85,3.9,3.6,1.87,3.8,3.45,1.9,4,3.75,1.83,4.49,3.84,1.86,4.33,3.3,1.91,4.2,3.8,1.9,57,43
9758,2014/2015,8358,9789,0,3,5.5,4,1.62,5,3.8,1.65,4.7,3.6,1.7,5.5,4,1.57,5.96,4.25,1.62,5.5,3.8,1.62,5.75,4.2,1.62,40,60
9759,2014/2015,10269,9823,0,2,13,7,1.2,9.75,6.75,1.23,9,5,1.3,13,6.5,1.2,15.5,6.92,1.23,15,5.5,1.22,15,7,1.22,76,24
9760,2014/2015,9790,9904,2,1,2.3,3.3,3.2,2.35,3.25,2.95,2.3,3.3,2.9,2.3,3.3,3.1,2.37,3.38,3.31,2.3,3.2,3.2,2.3,3.4,3.25,64,36
9761,2014/2015,8722,8460,0,0,1.95,3.5,4,1.91,3.3,4.1,1.85,3.45,4,1.9,3.5,4,1.95,3.58,4.37,1.95,3.25,4.2,1.95,3.5,4.3,44,56
9762,2014/2015,9823,9790,8,0,1.09,11,26,1.11,9.25,19,1.15,7,15,1.08,10,23,1.1,12.55,33.6,1.1,8,34,1.09,12,36,31,69
9763,2014/2015,9789,9905,4,2,1.33,5.25,9.5,1.35,5.1,7.5,1.42,4.4,7.2,1.33,5,9,1.33,5.85,10.33,1.33,5,9,1.33,5.75,10,42,58
9764,2014/2015,8178,8721,4,5,2.3,3.5,3,2.4,3.25,2.9,2.5,3.3,2.65,2.3,3.4,3,2.42,3.59,3.05,2.4,3.1,3.1,2.45,3.6,2.9,48,52
9765,2014/2015,9788,8722,1,0,1.73,3.6,5.25,1.72,3.6,4.75,1.65,3.6,5.1,1.61,3.75,5.5,1.78,3.73,5.3,1.75,3.5,5,1.75,3.7,5.25,23,77
9766,2014/2015,8226,10269,2,1,1.95,3.7,3.8,2,3.3,3.75,2,3.4,3.5,1.83,3.75,4,1.97,3.75,4.06,2,3.4,3.8,2,3.7,3.8,55,45
9767,2014/2015,9904,8460,1,2,1.85,3.6,4.33,1.85,3.5,4.1,1.85,3.45,4,1.83,3.6,4.1,1.83,3.82,4.7,1.85,3.5,4.2,1.87,3.8,4.4,31,69
9768,2014/2015,8177,8358,0,2,2.15,3.4,3.5,2.1,3.3,3.4,1.9,3.45,3.8,2.1,3.3,3.5,2.18,3.42,3.72,2.2,3.3,3.3,2.2,3.4,3.6,50,50
9769,2014/2015,8697,8406,3,2,2.6,3.4,2.7,2.65,3.2,2.65,2.3,3.3,2.9,2.6,3.3,2.62,2.63,3.49,2.83,2.7,3.1,2.7,2.55,3.5,2.8,60,40
9770,2014/2015,9810,10189,1,0,2.3,3.6,3,2.3,3.3,3,2.5,3.3,2.65,2.3,3.5,2.87,2.32,3.64,3.18,2.3,3.4,3,2.3,3.6,3,48,52
9771,2014/2015,10189,8697,1,1,2.05,3.5,3.6,2.05,3.5,3.4,1.9,3.45,3.8,1.95,3.6,3.6,2.05,3.67,3.84,2,3.75,3.4,2.05,3.75,3.6,44,56
9772,2014/2015,8721,8177,2,1,1.33,5.25,9,1.35,5,8,1.4,4.4,7.3,1.33,5,8.5,1.34,5.59,10.78,1.33,5,9,1.33,5.5,10,30,70
9773,2014/2015,9905,9810,3,1,2.4,3.5,2.9,2.4,3.4,2.8,2.4,3.1,2.95,2.3,3.5,2.9,2.36,3.65,3.1,2.4,3.1,3.1,2.38,3.6,3,46,54
9774,2014/2015,8406,8178,2,2,3.1,3.4,2.3,3,3.3,2.3,2.75,3.3,2.4,3.1,3.4,2.25,3.34,3.5,2.3,3.3,3.1,2.3,3.25,3.4,2.3,47,53
9775,2014/2015,8358,8226,1,1,3.1,3.5,2.25,3,3.3,2.3,2.6,3.2,2.6,3,3.4,2.3,3.36,3.64,2.23,3.3,3.1,2.3,3.2,3.6,2.25,46,54
9776,2014/2015,10269,9789,2,3,6,4,1.57,5.25,3.8,1.62,4.5,3.8,1.7,5.5,4,1.61,5.95,4.2,1.63,5.5,4,1.6,6.25,3.9,1.65,59,41
9777,2014/2015,9790,9788,1,1,3.1,3.4,2.3,3,3.3,2.3,2.7,3.3,2.45,3.1,3.4,2.25,3.4,3.35,2.34,3,3.25,2.38,3.3,3.4,2.3,48,52
9778,2014/2015,8722,9904,1,1,2.3,3.2,3.3,2.3,3.2,3.1,2.4,3.1,2.95,2.2,3.25,3.3,2.39,3.27,3.38,2.4,3.1,3.1,2.4,3.3,3.3,51,49
9779,2014/2015,8460,9823,0,6,17,7.5,1.17,15,6.85,1.18,13,5.8,1.2,17,7.5,1.16,22.3,8.4,1.17,19,5.5,1.2,21,8,1.17,66,34
9780,2014/2015,9823,8722,4,1,1.1,10,26,1.12,8.5,21,1.11,8,20,1.09,10,26,1.13,10.2,27.5,1.1,9,26,1.12,10,26,23,77
9781,2014/2015,9789,10189,3,0,1.5,4.33,6.5,1.53,4,6,,,,1.5,4.2,6.5,1.5,4.72,7,1.5,3.75,7.5,1.5,4.6,7,46,54
9782,2014/2015,8178,8358,1,0,1.36,4.75,9,1.36,5,7.25,1.4,4.6,6.8,1.36,4.75,9,1.37,5.32,9.63,1.36,4.5,9,1.36,5.25,9.5,38,62
9783,2014/2015,9788,8460,2,0,1.57,4.2,5.75,1.6,3.9,5.25,1.5,4,6.1,1.57,4,6,1.58,4.24,6.56,1.62,3.4,6.5,1.62,4.2,6,42,58
9784,2014/2015,8226,9905,2,0,2,3.6,3.6,2,3.4,3.6,2,3.3,3.6,1.95,3.75,3.6,2.03,3.81,3.77,2,3.2,4,2,3.8,3.75,40,60
9785,2014/2015,9904,10269,1,1,2.1,3.5,3.4,2.25,3.3,3.1,2.2,3.3,3.1,2.1,3.5,3.4,2.23,3.48,3.53,2.25,3.1,3.4,2.2,3.5,3.4,46,54
9786,2014/2015,8177,8406,1,0,2.8,3.4,2.5,2.8,3.1,2.55,2.6,3.2,2.6,3,3.3,2.4,3.06,3.29,2.57,2.8,3.1,2.6,3,3.4,2.55,61,39
9787,2014/2015,8697,8721,3,5,3.6,3.75,1.91,3.8,3.5,1.91,3.6,3.3,2,3.5,3.75,2,3.72,3.95,2.01,3.75,3.3,2,3.5,3.9,2,58,42
9788,2014/2015,9810,9790,2,1,2,3.6,3.6,2.05,3.3,3.6,2.1,3.3,3.3,2,3.6,3.6,1.99,3.81,3.92,2.05,3.2,3.75,2,3.8,3.7,52,48
9789,2014/2015,10189,8226,3,1,2.25,3.4,3.2,2.25,3.3,3.1,2.1,3.3,3.3,2.15,3.5,3.2,2.35,3.52,3.22,2.4,3.1,3.1,2.3,3.5,3.12,31,69
9790,2014/2015,9905,9788,2,2,2.6,3.3,2.75,2.65,3.2,2.65,2.65,3.3,2.5,2.75,3.3,2.5,2.71,3.35,2.84,2.7,3.1,2.7,2.7,3.3,2.8,61,39
9791,2014/2015,8406,8721,1,0,3.5,3.5,2.1,3.4,3.3,2.1,3.5,3.4,2,3.4,3.5,2.05,3.41,3.67,2.2,3.4,3.2,2.2,3.3,3.6,2.2,49,51
9792,2014/2015,9904,9823,1,3,13,6.5,1.22,9.5,6.75,1.25,11.5,6,1.22,11,6.5,1.22,15.17,6.93,1.24,13,5.5,1.25,13,6.5,1.25,74,26
9793,2014/2015,8358,8697,0,1,2.6,3.4,2.7,2.65,3.2,2.65,2.6,3.2,2.6,2.5,3.3,2.75,2.59,3.54,2.84,2.7,3.1,2.7,2.55,3.5,2.8,48,52
9794,2014/2015,10269,8177,0,0,2.1,3.3,3.6,2.15,3.4,3.25,2.15,3.3,3.2,2.05,3.3,3.75,2.16,3.35,3.87,2,3.4,3.75,2.15,3.4,3.75,31,69
9795,2014/2015,9790,9789,0,0,6,4.33,1.53,6,3.8,1.57,5.5,4,1.55,5.75,4.2,1.53,7.03,4.41,1.54,7,3.5,1.57,6.5,4.4,1.55,67,33
9796,2014/2015,8722,9810,4,2,2.4,3.3,3,2.45,3.25,2.8,2.5,3.3,2.65,2.4,3.3,2.87,2.51,3.44,3.02,2.5,3.1,2.9,2.45,3.4,3,65,35
9797,2014/2015,8460,8178,0,3,5,3.8,1.7,4.8,3.6,1.72,4.9,3.7,1.65,4.75,3.9,1.66,5.36,4.08,1.7,5.5,3.3,1.73,5,4,1.73,56,44
9798,2014/2015,9789,8722,0,0,1.33,5,10,1.36,4.75,8,1.35,4.8,7.6,1.33,5.25,9.5,1.36,5.37,10.08,1.36,4.5,10,1.36,5.25,10,28,72
9799,2014/2015,8178,10269,4,0,1.44,4.33,7.5,1.5,4.2,6,1.55,4,5.5,1.44,4.5,7.5,1.46,4.71,8.25,1.44,4.33,7.5,1.45,4.6,8,45,55
9800,2014/2015,8721,8358,3,0,1.33,5.25,9,1.36,4.75,8,1.35,4.8,7.6,1.36,5,9,1.39,5.4,8.6,1.36,4.8,8.5,1.36,5.4,8,52,48
9801,2014/2015,9788,9904,2,0,1.75,3.75,4.75,1.78,3.5,4.5,1.75,3.5,4.5,1.72,3.75,5,1.74,3.83,5.42,1.75,3.5,5,1.75,3.8,5,31,69
9802,2014/2015,8406,9905,0,2,1.95,3.5,4,2,3.4,3.6,1.9,3.45,3.8,1.95,3.5,4,2,3.64,4.08,2,3.2,4,2,3.7,4,40,60
9803,2014/2015,8226,9790,3,0,1.75,3.75,4.75,1.8,3.55,4.5,1.9,3.45,3.8,1.8,3.75,4.5,1.76,4.01,4.91,1.75,3.5,5,1.75,4,4.75,29,71
9804,2014/2015,8177,10189,2,2,2.75,3.25,2.63,2.7,3.1,2.65,2.65,3.3,2.5,2.87,3.25,2.6,2.96,3.31,2.64,2.8,3.1,2.62,2.9,3.3,2.62,64,36
9805,2014/2015,8697,9823,0,4,10,5.75,1.29,8,5.25,1.33,7.3,5,1.35,11,5.5,1.3,10.55,5.81,1.33,9,5,1.33,9,6,1.3,65,35
9806,2014/2015,9810,8460,4,0,1.73,3.8,4.75,1.72,3.6,4.75,1.75,3.6,4.3,1.7,4,4.75,1.73,4.24,4.85,1.75,3.5,5,1.75,4.2,4.6,39,61
9807,2014/2015,9823,9788,0,2,1.17,7.5,17,1.18,6.75,13.5,1.2,5.8,13,1.2,7,15,1.19,7.85,18,1.2,6.5,13,1.2,7.5,18,34,66
9808,2014/2015,10189,8178,0,1,3,3.5,2.3,2.9,3.2,2.4,2.57,3.3,2.57,3,3.4,2.37,3.08,3.57,2.4,2.9,3.4,2.38,3.12,3.5,2.38,49,51
9809,2014/2015,9905,8721,1,1,3.25,3.6,2.15,3.2,3.3,2.2,3.3,3.3,2.1,3.3,3.6,2.15,3.36,3.7,2.21,3.2,3.6,2.15,3.25,3.7,2.2,64,36
9810,2014/2015,9904,9789,2,3,5,4.2,1.62,4.75,3.8,1.67,4.5,3.7,1.7,5.25,4.2,1.61,5.38,4.03,1.7,5,3.8,1.67,5.4,4.2,1.67,51,49
9811,2014/2015,8358,8406,2,0,3,3.4,2.38,2.75,3.25,2.5,2.75,3.3,2.4,2.9,3.3,2.5,3.12,3.38,2.48,2.9,3.25,2.45,3,3.4,2.5,54,46
9812,2014/2015,10269,9810,3,1,2.5,3.4,2.8,2.5,3.3,2.7,2.3,3.3,2.9,2.45,3.5,2.87,2.49,3.64,2.91,2.4,3.5,2.8,2.45,3.6,2.88,52,48
9813,2014/2015,9790,8177,0,1,2.38,3.25,3.1,2.4,3.25,2.9,2.2,3.2,3.2,2.37,3.2,3.25,2.38,3.24,3.44,2.37,3,3.25,2.4,3.3,3.3,39,61
9814,2014/2015,8722,8697,1,1,2.2,3.4,3.3,2.3,3.3,3,2.2,3.3,3.1,2.25,3.4,3.25,2.29,3.45,3.41,2.25,3.25,3.25,2.25,3.4,3.3,54,46
9815,2014/2015,8460,8226,0,0,3.75,3.5,2,3.6,3.4,2,3.8,3.45,1.9,3.6,3.6,2.05,3.79,3.77,2.04,3.4,3.6,2.05,3.8,3.8,2,55,45
9816,2014/2015,9789,9823,0,1,3.3,3.5,2.15,3.25,3.4,2.15,3.2,3.4,2.1,3.5,3.5,2.15,3.54,3.57,2.18,3.25,3.5,2.15,3.5,3.5,2.2,56,44
9817,2014/2015,8178,9790,4,0,1.36,5,8.5,1.36,4.75,8.25,1.4,4.4,7.3,1.36,5,9,1.37,5.24,9.96,1.36,4.5,9,1.36,5,10.5,49,51
9818,2014/2015,8721,10269,3,1,1.44,4.75,7,1.47,4.4,6.5,1.5,4,6.1,1.44,4.75,7,1.46,4.99,7.44,1.44,4.5,7,1.5,5,6.5,52,48
9819,2014/2015,8406,10189,0,0,2.4,3.3,3,2.5,3.2,2.8,2.5,3.3,2.65,2.5,3.3,2.9,2.49,3.43,3.07,2.5,3.3,2.8,2.5,3.4,3,60,40
9820,2014/2015,8226,9788,1,4,2.7,3.5,2.6,2.7,3,2.7,2.6,3.2,2.6,2.62,3.4,2.7,2.8,3.45,2.68,2.6,3.4,2.62,2.75,3.5,2.63,69,31
9821,2014/2015,8177,8460,2,0,1.95,3.5,4,1.95,3.4,3.8,1.85,3.45,4,1.95,3.4,4.2,2.01,3.43,4.35,2,3.3,3.75,2,3.5,4.2,39,61
9822,2014/2015,8697,9905,0,0,2.5,3.4,2.8,2.5,3.2,2.8,2.3,3.3,2.9,2.4,3.5,2.9,2.43,3.6,3.02,2.5,3.2,2.88,2.45,3.5,2.88,52,48
9823,2014/2015,9810,9904,2,2,2,3.75,3.5,2,3.4,3.6,2,3.3,3.6,2,3.75,3.6,2.03,3.79,3.8,2.05,3.6,3.4,2,3.75,3.8,60,40
9824,2014/2015,8358,8722,1,0,2.6,3.2,2.8,2.7,3,2.7,2.5,3.2,2.75,2.62,3.2,2.88,2.71,3.21,2.95,2.7,3.1,2.7,2.75,3.25,2.8,50,50
9825,2014/2015,9823,9810,3,0,1.17,7.5,17,1.18,7,12,1.17,6.5,14,1.18,7.5,15,1.2,7.9,16.6,1.2,6,15,1.22,7.5,13,34,66
9826,2014/2015,10189,8358,0,0,1.67,3.75,5.5,1.72,3.7,4.6,1.6,3.9,5,1.65,3.8,5.5,1.72,3.92,5.4,1.73,3.4,5.5,1.73,3.9,5.2,33,67
9827,2014/2015,9788,9789,3,1,2.8,3.4,2.5,2.7,3.3,2.5,2.6,3.2,2.6,2.88,3.4,2.5,3.02,3.48,2.5,2.9,3.2,2.5,2.9,3.4,2.45,52,48
9828,2014/2015,9905,8178,2,3,3.3,3.4,2.2,3.3,3.2,2.2,3.5,3.4,2,3.4,3.5,2.15,3.46,3.55,2.23,3.3,3.3,2.2,3.4,3.5,2.2,50,50
9829,2014/2015,9904,8177,1,1,1.95,3.3,4.2,2.05,3.4,3.5,2.1,3.3,3.3,2.05,3.4,3.75,1.99,3.49,4.31,2.05,3.25,3.8,2,3.4,4.2,32,68
9830,2014/2015,10269,8697,3,2,2.15,3.5,3.3,2.2,3.25,3.25,2,3.3,3.6,2.15,3.5,3.4,2.19,3.65,3.46,2.2,3.3,3.3,2.15,3.6,3.4,48,52
9831,2014/2015,9790,8721,0,2,4.33,3.75,1.8,3.9,3.75,1.83,4.2,3.5,1.8,4.2,3.8,1.83,4.82,3.95,1.79,4.2,3.75,1.8,4.6,3.9,1.8,40,60
9832,2014/2015,8722,8226,3,2,2.4,3.3,3,2.45,3.3,2.75,2.4,3.3,2.75,2.45,3.25,3,2.5,3.41,3.06,2.5,3.2,2.9,2.45,3.4,3,50,50
9833,2014/2015,8460,8406,2,1,3.1,3.4,2.3,2.95,3.3,2.35,2.9,3.3,2.3,3.1,3.3,2.38,3.38,3.39,2.34,3.2,3.1,2.38,3.25,3.4,2.38,64,36
9834,2014/2015,9789,8460,3,0,1.22,6.5,13,1.25,6,10,1.28,5.7,8.3,1.22,6.5,13,1.27,6.51,12.78,1.29,5,12,1.25,6.5,13,38,62
9835,2014/2015,8178,9904,4,0,1.36,5.25,8,1.37,4.75,7.75,1.35,5,7.3,1.36,5,9,1.37,5.35,9.87,1.36,4.8,8.5,1.36,5.25,9.5,42,58
9836,2014/2015,8721,10189,1,1,1.7,3.8,5,1.7,3.6,5,1.75,3.7,4.1,1.75,4,4.5,1.77,4.06,4.82,1.75,3.5,5,1.75,4,4.75,65,35
9837,2014/2015,8406,10269,2,1,2.2,3.4,3.3,2.2,3.25,3.2,2.2,3.3,3.1,2.15,3.4,3.5,2.23,3.56,3.44,2.25,3.2,3.3,2.25,3.5,3.4,30,70
9838,2014/2015,8226,9823,0,2,5.5,4.2,1.6,4.75,4,1.65,3.8,3.8,1.8,5.5,4.2,1.6,5.56,4.39,1.63,5,4.2,1.62,5.25,4.2,1.67,71,29
9839,2014/2015,8177,8722,0,0,2.5,3.1,3.1,2.55,3.1,2.85,2.4,3.05,3,2.5,3.1,3.1,2.57,3.12,3.22,2.62,3,2.9,2.63,3.1,3.13,48,52
9840,2014/2015,8697,9790,1,0,2,3.5,3.8,2,3.4,3.6,2.05,3.4,3.4,2,3.6,3.8,2,3.72,3.96,2.05,3.4,3.6,2,3.7,3.8,34,66
9841,2014/2015,9810,9788,0,0,4.2,3.75,1.85,4.1,3.5,1.85,3.3,3.3,2.1,4.1,3.8,1.85,4.07,4.02,1.9,4,3.75,1.85,4.1,4,1.87,54,46
9842,2014/2015,8358,9905,2,3,2.8,3.3,2.6,2.65,3.2,2.65,2.6,3.2,2.6,2.8,3.3,2.6,2.93,3.36,2.62,2.75,3.2,2.62,2.9,3.3,2.6,51,49
9843,2014/2015,9823,10269,2,0,1.17,7.5,15,1.19,7.25,16.5,1.17,6.5,14,1.16,8,12,1.17,8.95,19.5,1.17,7,15,1.18,8,19,38,62
9844,2014/2015,9789,8358,3,1,1.25,6,10,1.26,6.5,10.5,1.33,4.8,8.3,1.28,5.5,10,1.28,6.5,11.6,1.29,5,12,1.3,6,10.5,30,70
9845,2014/2015,8178,8697,3,3,1.3,5.5,9,1.4,5.25,7.5,1.4,4.4,7.3,1.33,5.25,8,1.37,5.47,9.29,1.33,5,9,1.36,5.5,8.5,47,53
9846,2014/2015,9788,10189,4,1,2.4,3.4,2.8,2.5,3.4,2.85,2.35,3.3,2.85,2.37,3.25,3,2.42,3.58,3.06,2.4,3.1,3.1,2.4,3.5,3,55,45
9847,2014/2015,8226,8721,1,1,2.4,3.5,2.75,2.5,3.5,2.8,2.2,3.3,3.1,2.25,3.5,3,2.47,3.72,2.88,2.4,3.2,3,2.45,3.6,2.9,45,55
9848,2014/2015,9904,9790,2,0,2.2,3.4,3.2,2.25,3.5,3.2,2.1,3.3,3.3,2.15,3.4,3.3,2.19,3.6,3.5,2.2,3.3,3.3,2.2,3.6,3.3,32,68
9849,2014/2015,8177,9905,1,3,2.25,3.3,3.2,2.35,3.4,3.1,2.2,3.3,3.1,2.25,3.4,3.1,2.29,3.42,3.45,2.3,3.2,3.2,2.25,3.4,3.4,53,47
9850,2014/2015,9810,8406,0,1,2.25,3.3,3.2,2.3,3.5,3.1,2.1,3.3,3.3,2.2,3.4,3.2,2.29,3.52,3.34,2.3,3.2,3.2,2.3,3.5,3.2,49,51
9851,2014/2015,8460,8722,0,0,2.9,3.2,2.45,2.9,3.25,2.6,2.6,3.2,2.6,2.9,3.3,2.4,3.1,3.35,2.5,3.1,3.1,2.4,3,3.4,2.5,54,46
9852,2014/2015,9823,8177,1,0,1.17,7.5,17,1.17,7.25,15.5,1.15,7,15,1.17,7.5,19,1.16,8.4,23.8,1.14,7.5,17,1.17,8,22,24,76
9853,2014/2015,9789,9810,2,0,1.33,5.25,9,1.35,5,8,1.4,4.6,6.8,1.33,5.25,9.5,1.33,5.99,10.09,1.33,4.6,10,1.33,5.75,9.5,41,59
9854,2014/2015,9788,8721,1,0,2.4,3.5,2.88,2.35,3.3,2.9,2.3,3.3,2.9,2.3,3.4,3.2,2.35,3.58,3.18,2.3,3.2,3.2,2.3,3.5,3.1,36,64
9855,2014/2015,9905,10189,2,0,2.45,3.3,2.9,2.45,3.25,2.8,2.4,3.3,2.75,2.45,3.4,2.9,2.49,3.58,2.94,2.45,3.3,2.88,2.45,3.5,2.9,55,45
9856,2014/2015,9904,8226,1,2,2.4,3.5,2.88,2.45,3.25,2.8,2.3,3.3,2.9,2.5,3.4,2.88,2.44,3.62,2.99,2.5,3.2,2.88,2.45,3.6,2.9,45,55
9857,2014/2015,10269,8358,2,2,1.91,3.6,4,1.91,3.3,4.1,1.85,3.45,4,1.95,3.5,4,1.94,3.65,4.32,1.95,3.3,4,1.95,3.6,4.2,43,57
9858,2014/2015,9790,8406,3,2,2.7,3.4,2.6,2.7,3.1,2.65,2.5,3.3,2.65,2.7,3.3,2.7,2.78,3.4,2.73,2.7,3.1,2.7,2.75,3.4,2.75,56,44
9859,2014/2015,8722,8178,1,1,4.75,3.8,1.75,4.4,3.7,1.75,4,3.45,1.85,4.75,3.75,1.75,5.4,3.85,1.74,4.8,3.6,1.75,5.2,3.8,1.75,56,44
9860,2014/2015,8460,8697,2,2,2.7,3.4,2.6,2.7,3.2,2.6,2.65,3.3,2.5,2.7,3.4,2.6,2.72,3.62,2.67,2.7,3.1,2.7,2.63,3.6,2.63,67,33
9861,2014/2015,10189,10269,3,2,1.91,3.6,4,1.95,3.6,3.6,2.1,3.4,3.2,1.91,3.75,3.9,1.97,3.73,4.09,2,3.2,4,2,3.7,3.9,28,72
9862,2014/2015,8178,9823,2,0,2.38,3.3,3.1,2.4,3.2,3.1,2.4,3.3,2.75,2.38,3.3,3.1,2.39,3.5,3.16,2.3,3.3,3.1,2.38,3.5,3.13,52,48
9863,2014/2015,8721,9904,2,2,1.4,4.75,8,1.4,5,6.5,1.4,4.8,6.4,1.4,5,7.5,1.42,5.13,8.13,1.4,4.5,8,1.44,5,7.5,43,57
9864,2014/2015,9905,9790,1,2,1.73,3.8,4.75,1.78,3.6,4.4,1.9,3.5,3.75,1.75,3.9,4.5,1.81,3.96,4.67,1.75,3.5,5,1.8,4,4.6,48,52
9865,2014/2015,8406,8722,0,0,2.1,3.4,3.6,2.15,3.3,3.3,2.1,3.2,3.4,2.15,3.3,3.6,2.16,3.44,3.72,2.2,3.2,3.4,2.15,3.4,3.6,46,54
9866,2014/2015,8226,9789,1,1,4,4,1.83,4.1,3.5,1.85,4.2,3.7,1.75,4,4,1.83,4.39,4.04,1.84,4,3.75,1.85,4.1,4,1.87,51,49
9867,2014/2015,8177,9788,1,2,5,3.6,1.75,4.5,3.5,1.78,4,3.45,1.85,4.75,3.6,1.8,5.05,3.65,1.83,5,3.3,1.8,5,3.6,1.83,71,29
9868,2014/2015,8697,9810,1,0,2.05,3.75,3.4,2.1,3.4,3.3,2,3.4,3.5,2.05,3.75,3.3,2.13,3.86,3.44,2.15,3.5,3.2,2.15,3.8,3.3,52,48
9869,2014/2015,8358,8460,1,2,1.91,3.6,4,1.95,3.4,3.75,2,3.3,3.6,1.95,3.6,3.8,1.96,3.71,4.15,2,3.2,4,2,3.7,3.9,38,62
9870,2014/2015,9823,8406,0,1,1.53,4.33,6,1.55,4,5.75,1.5,4,6.1,1.5,4.33,7,1.52,4.49,7.18,1.53,4,6.5,1.53,4.4,7,33,67
9871,2014/2015,9789,8177,2,0,1.29,5.5,11,1.33,5,8.5,1.35,4.8,7.6,1.3,5.5,11,1.32,5.74,11.37,1.33,5,9.5,1.3,5.75,12,50,50
9872,2014/2015,9788,8178,3,0,2.5,3.4,2.8,2.55,3.25,2.7,2.4,3.3,2.75,2.45,3.4,2.9,2.57,3.47,2.91,2.6,3.3,2.7,2.55,3.4,2.9,43,57
9873,2014/2015,9904,8697,1,1,2,3.6,3.6,2.05,3.5,3.4,,,,2.05,3.75,3.4,2.04,3.83,3.73,2.05,3.5,3.5,2.05,3.8,3.5,47,53
9874,2014/2015,9810,8226,3,1,2.8,3.6,2.4,2.8,3.3,2.45,2.53,3.5,2.53,2.7,3.6,2.5,2.82,3.74,2.51,2.7,3.5,2.5,2.75,3.75,2.45,44,56
9875,2014/2015,10269,9905,2,0,2,3.5,3.8,2,3.6,3.4,2,3.5,3.4,2.05,3.6,3.6,2.03,3.89,3.71,2,3.4,3.8,2.05,3.8,3.6,47,53
9876,2014/2015,9790,8358,1,1,2.2,3.4,3.3,2.15,3.4,3.2,,,,2.2,3.5,3.3,2.25,3.53,3.42,2.15,3.4,3.3,2.25,3.5,3.3,53,47
9877,2014/2015,8722,10189,2,0,2.75,3.3,2.6,2.7,3.1,2.7,2.75,3.3,2.4,2.75,3.3,2.62,2.9,3.23,2.75,2.7,3.1,2.7,2.88,3.3,2.7,60,40
9878,2014/2015,8460,8721,1,3,4.75,4.2,1.67,5.25,3.7,1.65,4.3,3.9,1.7,5,4,1.67,5.49,4.23,1.66,5,3.6,1.7,4.8,4.2,1.7,55,45
9879,2014/2015,10189,8460,1,0,1.62,4.2,5.25,1.62,4.1,4.75,1.6,3.9,5,1.62,4.2,5.25,1.63,4.41,5.53,1.62,3.8,5.5,1.65,4.4,5.4,44,56
9880,2014/2015,8178,8226,2,0,1.4,5,7.5,1.42,5,6,1.45,4,7,1.4,5,7.5,1.43,5.28,7.48,1.44,4.5,7,1.44,5.25,7,45,55
9881,2014/2015,8721,9789,2,1,2.63,3.5,2.6,2.5,3.4,2.65,2.5,3.4,2.6,2.6,3.6,2.62,2.68,3.66,2.66,2.6,3.3,2.7,2.63,3.6,2.63,55,45
9882,2014/2015,9905,8722,2,0,2.1,3.4,3.6,2.1,3.3,3.4,2,3.3,3.6,2.1,3.4,3.6,2.14,3.6,3.61,2.2,3.1,3.5,2.15,3.6,3.5,47,53
9883,2014/2015,8406,9904,1,2,2.3,3.4,3.1,2.15,3.4,3.2,2.2,3.4,3,2.2,3.5,3.3,2.26,3.58,3.37,2.3,3.3,3.1,2.3,3.5,3.13,33,67
9884,2014/2015,8177,9810,0,0,2,3.5,3.75,1.95,3.6,3.6,1.9,3.3,4,2.05,3.6,3.6,2.05,3.65,3.87,2.05,3.5,3.5,2.05,3.6,3.7,55,45
9885,2014/2015,8697,9788,0,2,4.33,4,1.75,4.2,3.5,1.83,3.8,3.45,1.9,4.2,3.8,1.8,4.6,4.09,1.79,4.2,4,1.73,4.33,4,1.83,62,38
9886,2014/2015,8358,9823,2,1,7,4.2,1.5,5.25,4.2,1.55,5.4,3.7,1.6,7,4.33,1.5,7.15,4.66,1.5,6,4.2,1.53,6.5,4.6,1.53,80,20
9887,2014/2015,10269,9790,2,1,1.75,3.8,4.75,1.75,3.7,4.4,1.9,3.45,3.8,1.75,3.75,4.75,1.76,4.06,4.84,1.75,3.5,5,1.75,4,4.75,35,65
9888,2014/2015,9823,9905,2,0,1.2,7,13,1.23,6.25,10.5,1.2,5.8,13,1.22,6.5,12,1.25,7.27,12.4,1.25,5.5,12,1.22,7,13,20,80
9889,2014/2015,9789,8697,3,2,1.29,5.75,10,1.3,6,7.5,1.3,5,9,1.3,6,9,1.3,6.47,10.09,1.3,5.5,9,1.3,6.25,10,30,70
9890,2014/2015,9788,8406,1,3,1.55,4.5,5.5,1.57,4.1,5.25,1.55,4,5.5,1.57,4.33,5.5,1.56,4.59,6.14,1.57,3.8,6,1.6,4.5,5.75,51,49
9891,2014/2015,8226,8177,2,1,1.91,3.75,3.9,2,3.5,3.5,2,3.3,3.6,2,3.75,3.6,1.99,3.91,3.82,2,3.4,3.8,2,3.6,3.75,44,56
9892,2014/2015,9904,8358,2,1,1.95,3.6,3.8,1.9,3.4,4,2,3,4,1.95,3.5,4,1.96,3.63,4.26,2,3.2,4,2,3.6,3.8,41,59
9893,2014/2015,9810,8178,2,1,4.5,4.33,1.67,4.75,3.6,1.72,4.2,3.7,1.75,4.5,4,1.73,4.84,4.32,1.72,4.5,3.75,1.75,4.5,4.33,1.75,54,46
9894,2014/2015,9790,10189,2,0,2.4,3.6,2.8,2.25,3.7,2.8,2.1,3.6,3.05,2.4,3.6,2.88,2.41,3.83,2.89,2.4,3.5,2.8,2.4,3.8,2.88,41,59
9895,2014/2015,8722,8721,2,2,3.8,3.8,1.91,3.7,3.6,1.91,3.9,3.5,1.85,4,3.75,1.91,4.17,3.85,1.93,4,3.5,1.91,3.9,3.8,1.93,64,36
9896,2014/2015,8460,10269,1,2,3.4,3.8,2.05,3,4,2.05,3.6,3.6,1.9,3.2,3.75,2.15,3.27,4.07,2.14,3.25,3.6,2.1,3.3,4,2.1,53,47
9897,2014/2015,10189,9810,2,2,1.73,3.8,4.5,1.8,3.7,4.6,1.7,3.7,4.5,1.66,3.9,4.8,1.75,4.07,4.91,1.8,3.5,4.5,1.8,3.7,5,34,66
9898,2014/2015,8721,8178,4,1,2.8,3.5,2.4,2.85,3.3,2.6,2.55,3.4,2.55,2.62,3.5,2.5,2.9,3.68,2.48,2.8,3.2,2.5,2.8,3.6,2.55,39,61
9899,2014/2015,9905,9789,2,0,5,4.33,1.57,5.5,4.2,1.65,5,3.9,1.6,5,4.2,1.6,5.65,4.3,1.64,5.5,3.75,1.62,5.4,4.3,1.65,65,35
9900,2014/2015,8406,8697,4,2,1.91,3.6,3.8,1.95,3.5,4.1,2,3.3,3.6,1.8,3.75,4.2,1.86,3.84,4.48,1.85,3.75,4,1.92,3.75,4.2,40,60
9901,2014/2015,8358,8177,2,2,2.5,3.3,2.8,2.6,3.2,2.95,2.6,3.2,2.6,2.4,3.3,2.87,2.56,3.41,2.97,2.6,3.2,2.75,2.62,3.4,2.88,38,62
9902,2014/2015,10269,8226,0,2,2.5,3.4,2.7,2.65,3.25,2.8,2.5,3.3,2.65,2.5,3.4,2.7,2.63,3.62,2.75,2.62,3.1,2.8,2.62,3.4,2.8,32,68
9903,2014/2015,9790,9823,0,0,10,6,1.25,9.75,5.5,1.33,8,5,1.33,12,5.5,1.25,11.8,6.25,1.29,10,5,1.3,12,6,1.29,65,35
9904,2014/2015,8722,9788,0,0,2.75,3.3,2.5,2.8,3.2,2.7,2.75,3,2.6,2.8,3.3,2.45,2.97,3.41,2.56,2.8,3.2,2.5,3,3.3,2.55,63,37
9905,2014/2015,8460,9904,2,0,2.8,3.25,2.5,2.8,3.4,2.6,2.65,3.3,2.5,2.8,3.3,2.37,3,3.51,2.49,2.8,3.2,2.5,2.88,3.4,2.5,60,40
9906,2014/2015,9823,8460,4,0,1.11,9,21,1.15,7.5,15,1.15,7,15,1.11,8.5,21,1.14,10.33,23.41,1.11,8,26,1.12,10,26,28,72
9907,2014/2015,9789,10269,2,2,1.36,5,7.5,1.35,5,7.75,1.37,4.8,7,1.33,5,8.5,1.36,5.55,9.69,1.36,4.5,9,1.36,5.25,8,44,56
9908,2014/2015,8178,8406,1,0,1.57,4.2,5.25,1.55,4.33,5.25,1.5,4,6.1,1.5,4.33,6,1.59,4.52,5.92,1.53,4,6,1.62,4.5,5.4,50,50
9909,2014/2015,9788,9790,1,0,1.65,4,4.75,1.7,3.75,4.75,1.75,3.5,4.5,1.66,3.75,5,1.73,4.02,5.15,1.73,3.5,5,1.75,4,4.8,45,55
9910,2014/2015,8226,8358,3,3,1.62,4,5.25,1.7,3.5,5,1.7,3.6,4.7,1.66,3.8,5,1.71,4.18,5.07,1.7,3.6,5,1.67,4,5.4,42,58
9911,2014/2015,9904,8722,1,0,2.15,3.4,3.25,2.25,3.2,3.2,2.1,3.2,3.4,2.2,3.3,3.25,2.29,3.42,3.42,2.25,3.25,3.2,2.3,3.4,3.3,44,56
9912,2014/2015,8177,8721,1,0,3,3.5,2.25,2.95,3.3,2.35,2.75,3.3,2.4,3.1,3.4,2.25,3.24,3.61,2.31,3.2,3.2,2.3,3.2,3.5,2.3,61,39
9913,2014/2015,8697,10189,0,3,2.8,3.4,2.4,2.8,3.4,2.4,2.75,3.3,2.4,2.8,3.5,2.37,2.9,3.63,2.5,2.75,3.6,2.4,2.88,3.6,2.45,52,48
9914,2014/2015,9810,9905,2,2,2.38,3.3,2.9,2.45,3.3,2.8,2.5,3.3,2.65,2.37,3.4,2.87,2.33,3.58,3.21,2.4,3.1,3.1,2.3,3.5,3.12,55,45
9915,2014/2015,10189,9789,2,1,3.4,3.6,2.05,3.6,3.3,2.05,3.1,3.3,2.2,3.4,3.4,2.1,3.68,3.83,2.05,3.4,3.4,2.1,3.5,3.6,2.05,47,53
9916,2014/2015,8721,8697,2,1,1.5,4.33,6,1.55,4,5.75,1.55,4,5.5,1.53,4,6,1.52,4.71,6.64,1.53,4,6,1.55,4.4,5.75,43,57
9917,2014/2015,9905,8226,0,0,2.4,3.4,2.8,2.45,3.3,2.75,2.4,3.3,2.75,2.4,3.5,2.8,2.4,3.59,3.08,2.4,3.5,2.8,2.4,3.5,2.9,35,65
9918,2014/2015,8406,8177,1,0,2.05,3.5,3.4,2.05,3.3,3.6,2,3.4,3.5,2,3.5,3.6,2.04,3.57,3.99,2.05,3.3,3.6,2.05,3.5,3.8,42,58
9919,2014/2015,8358,8178,0,0,4.2,3.75,1.8,4.4,3.5,1.8,3.9,3.5,1.85,4.33,3.75,1.75,4.5,3.95,1.83,4.33,3.4,1.83,4.33,3.75,1.85,56,44
9920,2014/2015,10269,9904,1,0,1.95,3.5,3.6,2.1,3.25,3.5,2.2,3.3,3.1,2.1,3.5,3.3,2.08,3.67,3.74,2.1,3.4,3.4,2.05,3.5,3.7,40,60
9921,2014/2015,9790,9810,1,2,2.05,3.5,3.4,2.2,3.25,3.25,2.2,3.3,3.1,2.1,3.5,3.3,2.24,3.67,3.32,2.2,3.3,3.3,2.25,3.5,3.25,32,68
9922,2014/2015,8722,9823,0,2,7.5,5,1.36,7.75,4.75,1.38,7.3,4.4,1.4,8,4.75,1.36,9.92,5.12,1.38,9,4.5,1.36,9,5,1.4,68,32
9923,2014/2015,8460,9788,1,2,3.3,3.5,2.1,3.4,3.3,2.1,2.9,3.3,2.3,3.25,3.4,2.15,3.69,3.52,2.15,3.3,3.3,2.2,3.5,3.5,2.15,61,39
9924,2014/2015,9823,9904,4,0,1.13,8.5,17,1.15,7.25,15.5,1.15,7,15,1.14,7.5,17,1.15,10,21.3,1.14,7,21,1.15,8.5,23,32,68
9925,2014/2015,9789,9790,0,1,1.33,5.25,8,1.36,5,7.25,1.37,4.8,7.2,1.33,5,8.5,1.37,5.58,9.12,1.36,4.5,9,1.4,5.25,8.5,42,58
9926,2014/2015,8178,8460,2,2,1.33,5.25,8,1.34,5.5,7.25,1.4,4.6,6.8,1.33,5,8.5,1.35,5.65,9.93,1.36,4.5,9,1.36,5.25,9,42,58
9927,2014/2015,8721,8406,1,0,1.7,3.8,4.75,1.75,3.6,4.5,1.75,3.5,4.5,1.75,3.75,4.5,1.79,3.85,4.93,1.8,3.5,4.5,1.8,3.8,4.6,37,63
9928,2014/2015,9788,9905,1,1,1.85,3.6,4,1.91,3.4,4,1.9,3.45,3.8,1.85,3.6,4,1.85,3.77,4.64,1.91,3.4,4,1.9,3.6,4.33,35,65
9929,2014/2015,8226,10189,2,1,2.3,3.6,2.88,2.35,3.3,2.95,2.4,3.3,2.75,2.37,3.4,2.87,2.32,3.74,3.11,2.3,3.4,3,2.3,3.6,3,64,36
9930,2014/2015,8177,10269,3,2,2.25,3.4,3.1,2.4,3.3,2.85,2.4,3.2,2.85,2.37,3.25,3,2.29,3.42,3.43,2.25,3.5,3,2.3,3.5,3.3,49,51
9931,2014/2015,8697,8358,1,1,2.38,3.4,2.88,2.35,3.3,2.95,2.3,3.3,2.9,2.15,3.5,3.2,2.39,3.58,3.1,2.4,3.1,3.1,2.38,3.4,3,46,54
9932,2014/2015,9810,8722,3,2,2.3,3.2,3.2,2.3,3.3,3,2.2,3.3,3.1,2.2,3.4,3.2,2.42,3.34,3.25,2.4,3.1,3.1,2.4,3.4,3.12,48,52
9933,2014/2015,9823,8697,6,0,1.1,11,17,1.11,9.25,17,1.13,8,16,1.1,10,17,1.12,11.7,25,1.11,9,21,1.11,11,31,23,77
9934,2014/2015,10189,8177,2,0,1.67,3.8,5,1.78,3.6,4.33,1.75,3.5,4.5,1.72,3.8,4.5,1.74,3.98,5.18,1.75,3.75,4.5,1.75,3.8,4.8,50,50
9935,2014/2015,9905,8406,2,1,2.3,3.4,3,2.4,3.2,2.95,2.2,3.3,3.1,2.2,3.4,3.2,2.44,3.31,3.24,2.4,3.1,3.1,2.4,3.4,3.12,45,55
9936,2014/2015,9904,9788,0,3,3.1,3.4,2.25,2.95,3.25,2.35,2.75,3.2,2.5,2.9,3.3,2.37,3.26,3.53,2.32,3.2,3.2,2.3,3.12,3.4,2.3,55,45
9937,2014/2015,8358,8721,1,2,3.5,3.5,2,3.5,3.4,2.05,3.1,3.3,2.2,3.5,3.4,2.05,3.8,3.59,2.06,3.6,3.3,2.05,3.7,3.5,2.05,54,46
9938,2014/2015,10269,8178,3,3,3.4,3.5,2.05,3.4,3.3,2.1,3.1,3.3,2.2,3.5,3.5,2.05,3.67,3.68,2.1,3.5,3.3,2.1,3.5,3.5,2.1,51,49
9939,2014/2015,9790,8226,1,1,2.4,3.4,2.8,2.55,3.2,2.75,2.3,3.3,2.9,2.6,3.4,2.6,2.6,3.6,2.79,2.62,3.1,2.8,2.5,3.4,2.75,45,55
9940,2014/2015,8722,9789,2,1,5,4,1.62,5,3.8,1.65,4.9,3.7,1.65,5.75,3.8,1.6,6.11,4.24,1.61,5.5,3.5,1.67,5.75,4,1.67,68,32
9941,2014/2015,8460,9810,3,1,2.5,3.4,2.7,2.6,3.2,2.7,2.6,3.2,2.6,2.5,3.3,2.75,2.6,3.54,2.75,2.62,3.1,2.8,2.62,3.4,2.75,53,47
9942,2014/2015,9789,9904,0,1,1.22,6.5,11,1.28,6,9,1.27,5.2,10,1.25,5.5,12,1.24,7.21,13.85,1.25,6,11,1.25,6.5,13,51,49
9943,2014/2015,8178,10189,1,0,1.67,4.1,4.5,1.78,3.8,4.1,1.85,3.5,3.9,1.8,3.6,4.33,1.76,4.15,4.71,1.73,4,4.33,1.75,4.1,4.6,45,55
9944,2014/2015,8721,9905,3,0,1.67,3.8,5,1.7,3.7,4.75,1.75,3.5,4.5,1.7,3.75,4.75,1.66,4.21,5.58,1.67,3.8,5,1.7,3.8,5.25,54,46
9945,2014/2015,9788,9823,0,0,8,4.75,1.36,6.75,4.25,1.45,6.1,4,1.5,6.5,4.5,1.44,8.82,4.98,1.42,7,4.5,1.44,8,4.75,1.45,74,26
9946,2014/2015,8406,8358,2,0,1.83,3.6,4.2,1.91,3.4,3.9,1.8,3.5,4.2,1.83,3.6,4.2,1.93,3.66,4.37,1.83,3.5,4.33,1.95,3.6,4.2,45,55
9947,2014/2015,8226,8460,1,0,1.62,4.33,4.75,1.62,3.75,5.5,1.65,3.7,4.9,1.61,4,5,1.69,4.22,5.23,1.6,4,5.5,1.67,4.3,5,48,52
9948,2014/2015,8177,9790,3,0,2.2,3.4,3.2,2.3,3.3,3,2.2,3.3,3.1,2.2,3.4,3.2,2.28,3.43,3.45,2.3,3.3,3.1,2.3,3.4,3.3,60,40
9949,2014/2015,8697,8722,0,1,2.55,3.4,2.63,2.65,3.2,2.65,2.6,3.2,2.6,2.5,3.4,2.7,2.7,3.46,2.78,2.7,3.4,2.5,2.62,3.4,2.75,43,57
9950,2014/2015,9810,10269,4,5,2.25,3.4,3,2.4,3.4,2.8,2.35,3.3,2.85,2.25,3.5,3,2.38,3.65,3.07,2.38,3.4,2.9,2.3,3.6,3,52,48
9951,2015/2016,9823,9790,5,0,1.08,11,29,1.1,9,23,1.15,7,15,1.09,11,29,1.09,12.87,35.46,1.08,10,26,1.1,12,31,29,71
9952,2015/2016,9789,9788,4,0,1.73,3.75,5,1.75,3.75,4.25,1.8,3.5,4.2,1.73,3.8,5,1.73,4,5.21,1.75,3.5,5,1.75,4,5,48,52
9953,2015/2016,8178,8226,2,1,1.5,4.33,6.5,1.5,4.4,5.75,1.45,4,7,1.53,4.5,6,1.52,4.7,6.76,1.53,4,6.5,1.55,4.6,6.25,41,59
9954,2015/2016,8721,9810,2,1,1.44,4.75,7,1.5,4,6.5,1.45,4,7,1.5,4.5,6.5,1.48,5,6.95,1.5,4,7,1.5,5,6.5,41,59
9955,2015/2016,10269,8722,1,3,2.05,3.3,3.8,2.05,3.25,3.7,2.1,3.3,3.3,2.05,3.4,3.75,2.06,3.54,3.96,2.1,3.3,3.5,2.05,3.6,3.8,46,54
9956,2015/2016,8406,8177,0,1,2,3.4,3.9,2,3.3,3.75,2,3.3,3.6,1.95,3.4,4.2,2.04,3.43,4.2,2.1,3.3,3.5,2.05,3.4,4.1,48,52
9957,2015/2016,8697,10189,0,3,3,3.4,2.38,2.9,3.3,2.35,2.75,3.3,2.4,3,3.4,2.38,3.1,3.62,2.37,3.1,3.1,2.4,3,3.6,2.38,54,46
9958,2015/2016,9905,8234,0,1,2.05,3.4,3.75,2.05,3.3,3.6,2,3.3,3.6,1.95,3.5,4,2.03,3.54,4.08,2.1,3.3,3.5,2.05,3.5,3.9,47,53
9959,2015/2016,8262,9904,2,2,2.5,3.3,2.9,2.5,3.25,2.75,2.5,3.3,2.65,2.55,3.25,2.9,2.56,3.35,3.02,2.5,3.2,2.9,2.55,3.4,3,65,35
9960,2015/2016,9823,8722,4,0,1.1,9,29,1.12,9,23,1.15,7,15,1.1,10,26,1.12,11.5,27,1.11,7.5,29,1.08,12,31,40,60
9961,2015/2016,9789,8406,5,1,1.2,7,13,1.2,7,13,1.25,5.5,10.3,1.18,7,15,1.2,8.05,16,1.22,6,13,1.17,8,17,32,68
9962,2015/2016,8178,10269,4,3,1.57,4.33,5.5,1.57,4.33,5.5,1.6,3.9,5,1.55,4.2,5.25,1.58,4.58,5.95,1.62,3.6,6,1.57,4.6,5.4,45,55
9963,2015/2016,9788,10189,3,1,2.15,3.5,3.3,2.3,3.4,3.1,2.2,3.3,3.1,2.15,3.4,3.25,2.22,3.64,3.39,2.25,3.1,3.4,2.2,3.6,3.3,36,64
9964,2015/2016,9904,9810,1,2,2.5,3.4,2.8,2.5,3.3,2.7,2.4,3.3,2.75,2.4,3.3,2.75,2.58,3.54,2.85,2.6,3.1,2.8,2.5,3.6,2.75,58,42
9965,2015/2016,8226,9790,0,1,2.1,3.6,3.4,2.05,3.5,3.4,2.1,3.3,3.3,2,3.4,3.6,2.13,3.67,3.59,2.05,3.6,3.4,2.1,3.6,3.5,50,50
9966,2015/2016,9905,8697,1,3,2.05,3.5,3.6,2.05,3.4,3.5,2,3.3,3.6,1.95,3.5,3.6,2.08,3.75,3.66,2.05,3.6,3.4,2.05,3.8,3.5,47,53
9967,2015/2016,8234,8177,0,1,2.4,3.2,3.1,2.5,3.2,2.8,2.5,3.1,2.8,2.4,3.1,3,2.53,3.25,3.15,2.5,3.1,2.9,2.5,3.3,3,54,46
9968,2015/2016,8262,8721,0,1,4.75,3.75,1.75,4.33,3.6,1.85,3.8,3.45,1.9,4.33,3.6,1.8,4.62,3.75,1.86,4.5,3.4,1.83,4.33,3.8,1.83,70,30
9969,2015/2016,10189,8234,1,1,1.8,3.5,4.75,1.83,3.5,4.6,1.8,3.5,4.2,1.8,3.4,4.5,1.83,3.67,5,1.85,3.4,4.5,1.83,3.75,4.4,48,52
9970,2015/2016,8721,8178,2,1,2.63,3.4,2.7,2.65,3.3,2.7,2.4,3.3,2.75,2.5,3.3,2.62,2.64,3.55,2.78,2.62,3.25,2.7,2.6,3.6,2.63,51,49
9971,2015/2016,9790,9904,1,2,2,3.3,4,2,3.4,3.6,1.9,3.45,3.8,1.91,3.3,4,2.01,3.47,4.26,2,3.1,4.2,1.95,3.5,4.1,54,46
9972,2015/2016,10269,8262,2,0,1.67,4,5,1.67,3.6,5.25,1.75,3.5,4.5,1.62,3.8,5.25,1.68,4.11,5.45,1.67,3.8,5,1.65,4.2,5.2,38,62
9973,2015/2016,8406,9905,3,3,2.3,3.4,3.1,2.35,3.25,2.95,2.5,3.3,2.65,2.3,3.3,3,2.33,3.53,3.25,2.4,3.1,3.1,2.25,3.6,3.1,30,70
9974,2015/2016,8697,9789,1,3,7.5,5,1.4,7.75,4.75,1.4,7,4.6,1.4,7,4.75,1.4,8.4,5.33,1.4,7,5,1.4,7,5.4,1.4,66,34
9975,2015/2016,9810,9823,0,0,15,8,1.17,14,7,1.2,12,5.5,1.22,17,7.5,1.17,19.24,8.52,1.18,17,7.5,1.15,17,8.5,1.15,73,27
9976,2015/2016,8722,8226,0,0,2.05,3.5,3.4,2.1,3.3,3.4,2.2,3.3,3.1,2.05,3.4,3.5,2.13,3.59,3.67,2.1,3.3,3.5,2.1,3.6,3.4,48,52
9977,2015/2016,8177,9788,1,4,3,3.3,2.4,2.8,3.2,2.5,2.65,3.3,2.5,2.8,3.25,2.4,2.94,3.38,2.6,2.9,3.2,2.5,2.88,3.5,2.45,63,37
9978,2015/2016,9823,10269,4,0,1.1,11,21,1.12,9.75,17.5,1.12,8,16,1.11,10,23,1.12,12.4,22.4,1.11,8,26,1.09,12,26,33,67
9979,2015/2016,9789,10189,3,2,1.3,6,8.5,1.33,5.25,9,1.4,4.4,7.3,1.3,5.75,8.5,1.35,5.97,9,1.36,4.5,9,1.3,6,9.5,35,65
9980,2015/2016,8178,8722,1,2,1.5,4.33,6.5,1.53,4.4,6,1.5,4,6.1,1.48,4.5,6,1.51,4.72,6.89,1.5,4.2,6.5,1.5,4.75,6.5,45,55
9981,2015/2016,9788,8234,0,0,1.62,3.8,6,1.67,3.9,4.6,1.6,3.7,5.4,1.65,3.8,5.25,1.68,4.03,5.6,1.67,3.5,5.5,1.65,4.1,5.2,46,54
9982,2015/2016,8406,8697,1,2,2.2,3.4,3.3,2.2,3.4,3.1,2.1,3.3,3.3,2.15,3.4,3.25,2.19,3.59,3.51,2.2,3.5,3.1,2.2,3.6,3.3,43,57
9983,2015/2016,9904,8177,1,3,2.63,3.3,2.7,2.7,3.05,2.7,2.6,3.1,2.7,2.62,3.1,2.7,2.78,3.29,2.81,2.6,3.2,2.75,2.7,3.4,2.7,59,41
9984,2015/2016,8226,9810,0,0,2.1,3.6,3.4,2.15,3.3,3.3,2.1,3.3,3.3,2.15,3.5,3.2,2.2,3.71,3.38,2.2,3.2,3.4,2.15,3.75,3.25,55,45
9985,2015/2016,9905,8721,2,0,3.3,3.6,2.15,3.2,3.5,2.2,3.1,3.3,2.2,3.25,3.5,2.1,3.46,3.72,2.16,3.4,3.2,2.2,3.3,3.7,2.15,76,24
9986,2015/2016,8262,9790,1,1,2.75,3,2.8,2.7,3.05,2.7,2.6,3.2,2.6,2.7,3,2.75,2.77,3.18,2.9,2.7,3.1,2.7,2.7,3.25,2.8,55,45
9987,2015/2016,10189,9823,1,3,13,6.5,1.22,13,6.5,1.26,10,5.2,1.27,11,6,1.25,12.9,6.61,1.26,12,5,1.29,11.5,6.5,1.25,68,32
9988,2015/2016,9788,9904,2,1,1.5,4.2,7,1.5,3.9,6.75,1.55,4,5.5,1.48,4.2,7,1.5,4.5,7.62,1.5,4,7,1.5,4.5,6.5,48,52
9989,2015/2016,8721,8697,6,0,1.57,4,5.75,1.62,4.1,5.25,1.55,4,5.5,1.62,4,5.25,1.66,4.26,5.45,1.62,3.8,5.5,1.65,4.3,5,35,65
9990,2015/2016,9790,9789,3,1,8.5,5,1.36,7.75,5.25,1.36,7,4.6,1.4,7.5,5,1.36,8.55,5.27,1.4,9,5,1.33,8,5.4,1.36,58,42
9991,2015/2016,10269,8406,0,4,1.95,3.8,3.6,1.95,3.5,3.75,2,3.3,3.6,1.91,3.8,3.6,1.96,3.95,3.89,1.95,3.5,3.8,1.93,4,3.7,51,49
9992,2015/2016,9810,8178,1,3,3.8,3.6,1.95,3.6,3.6,1.95,3.3,3.3,2.1,3.6,3.6,1.95,3.87,3.75,2.02,3.75,3.4,2,3.7,3.75,2,76,24
9993,2015/2016,8722,9905,0,0,2.15,3.5,3.3,2.15,3.3,3.3,2.2,3.2,3.2,2.15,3.3,3.4,2.21,3.56,3.5,2.2,3.3,3.3,2.15,3.5,3.4,53,47
9994,2015/2016,8177,8226,1,0,2,3.5,3.8,2.05,3.3,3.6,2.1,3.3,3.3,2,3.4,3.75,2.06,3.56,3.93,2.1,3.3,3.6,2,3.6,3.75,43,57
9995,2015/2016,8234,8262,3,1,2.05,3.25,4,2.1,3.25,3.5,2.2,3.2,3.2,2.05,3.2,3.8,2.08,3.33,4.2,2.1,3.2,3.75,2.05,3.4,3.9,47,53
9996,2015/2016,9823,8177,2,0,1.08,11,26,1.09,10.5,29,1.1,8,20,1.09,11,34,1.1,13,31,1.1,8,34,1.1,12,29,29,71
9997,2015/2016,9789,10269,4,1,1.2,7.5,12,1.22,7,11,1.22,5.5,12,1.2,7,11,1.23,7.68,12.78,1.25,5.5,12,1.22,7.5,13,32,68
9998,2015/2016,8178,10189,1,1,1.62,4.2,5.25,1.67,3.9,5.25,1.7,3.7,4.5,1.62,3.8,5.25,1.66,4.19,5.55,1.67,3.8,5,1.7,4.2,5,47,53
9999,2015/2016,8406,8721,0,0,3.3,3.4,2.2,3.25,3.4,2.25,3.1,3.3,2.2,3.25,3.5,2.15,3.37,3.59,2.25,3.1,3.4,2.25,3.3,3.5,2.25,60,40
10000,2015/2016,8697,9790,1,3,2.25,3.4,3.2,2.35,3.25,2.95,2.4,3.3,2.75,2.25,3.3,3.1,2.33,3.48,3.29,2.3,3.2,3.2,2.3,3.5,3.2,57,43
10001,2015/2016,9904,8234,4,0,2.6,3.2,2.8,2.65,3.1,2.7,2.5,3.3,2.65,2.62,3.1,2.75,2.75,3.22,2.89,2.7,3.1,2.7,2.7,3.25,2.88,50,50
10002,2015/2016,8226,9788,3,3,3.1,3.5,2.25,3,3.3,2.3,2.9,3.3,2.3,3,3.4,2.25,3.17,3.54,2.37,3.1,3.4,2.25,3.1,3.5,2.3,66,34
10003,2015/2016,9905,9810,2,1,2.2,3.5,3.2,2.2,3.4,3.1,2.25,3.3,3,2.15,3.4,3.2,2.26,3.61,3.33,2.25,3.4,3.1,2.25,3.6,3.2,57,43
10004,2015/2016,8262,8722,0,0,2.9,3.1,2.6,2.75,3.1,2.6,2.6,3.2,2.6,2.9,3.1,2.5,3.07,3.24,2.59,2.88,3.1,2.6,3,3.25,2.6,50,50
10005,2015/2016,10189,9904,3,1,1.6,4,5.75,1.6,4,5.75,1.65,3.8,4.8,1.57,4,5.5,1.61,4.32,5.92,1.6,4.2,5,1.6,4.33,5.4,47,53
10006,2015/2016,9788,9823,3,1,9,5.25,1.33,8,5.25,1.36,7.3,4.4,1.4,8.5,5.25,1.33,9.55,5.59,1.36,9,4.5,1.36,8.5,5.75,1.33,64,36
10007,2015/2016,8721,9789,1,2,4,4.33,1.75,4.2,3.75,1.83,3.9,3.6,1.85,4,4,1.75,4.24,4.22,1.83,4.2,3.6,1.8,4.1,4.2,1.8,50,50
10008,2015/2016,9790,9905,1,3,2.25,3.4,3.2,2.3,3.25,3.1,2.3,3.3,2.9,2.3,3.3,3.1,2.38,3.48,3.2,2.4,3.1,3.1,2.3,3.6,3.1,35,65
10009,2015/2016,10269,8697,1,1,1.95,3.75,3.75,2,3.4,3.6,2.1,3.3,3.3,1.91,3.6,3.8,1.97,3.87,3.93,2,3.3,3.75,1.95,3.9,3.7,37,63
10010,2015/2016,9810,8262,0,1,1.91,3.4,4.33,1.91,3.4,3.9,2,3.3,3.6,1.85,3.3,4.33,1.95,3.51,4.48,1.95,3.2,4.2,1.93,3.5,4.3,34,66
10011,2015/2016,8722,8406,0,1,2.2,3.3,3.4,2.25,3.25,3.1,2.4,3.2,2.85,2.2,3.3,3.3,2.26,3.4,3.53,2.3,3.2,3.2,2.2,3.4,3.4,63,37
10012,2015/2016,8177,8178,2,1,3.75,3.4,2.05,3.6,3.4,2.1,3.1,3.3,2.2,3.6,3.4,2.05,3.91,3.53,2.08,3.75,3.1,2.1,3.6,3.6,2.05,42,58
10013,2015/2016,8234,8226,1,1,2.25,3.3,3.3,2.35,3.3,2.95,2.4,3.3,2.75,2.3,3.2,3.1,2.39,3.32,3.33,2.4,3.1,3.1,2.38,3.4,3.13,51,49
10014,2015/2016,9823,8234,2,0,1.07,13,29,1.08,11,31,1.1,8,20,1.09,11,41,1.09,13,37,1.08,10,34,1.07,12,36,42,58
10015,2015/2016,9789,9810,4,1,1.17,8,15,1.18,7.5,15,1.2,5.8,13,1.17,8,15,1.18,9,16,1.17,7.5,15,1.15,9,17,19,81
10016,2015/2016,8178,9788,5,0,1.95,3.75,3.75,2,3.6,3.7,2.1,3.3,3.3,1.91,3.75,3.6,1.99,3.92,3.81,2,3.5,3.6,2,3.8,3.6,33,67
10017,2015/2016,8721,9790,1,1,1.57,4.2,5.75,1.6,4,5.75,1.6,3.7,5.4,1.55,4,5.75,1.58,4.44,6.2,1.6,3.75,6,1.55,4.4,6,45,55
10018,2015/2016,8406,10189,2,1,2.63,3.5,2.63,2.7,3.3,2.65,2.6,3.2,2.6,2.62,3.3,2.62,2.74,3.51,2.7,2.62,3.3,2.62,2.63,3.6,2.6,47,53
10019,2015/2016,8697,8722,1,1,2.5,3.3,2.88,2.5,3.3,2.7,2.5,3.3,2.65,2.5,3.3,2.8,2.51,3.47,3.01,2.5,3.3,2.8,2.45,3.5,2.88,57,43
10020,2015/2016,8226,9904,1,0,1.8,3.5,4.5,1.87,3.4,4.1,2,3.3,3.6,1.83,3.6,4.2,1.88,3.73,4.5,1.91,3.5,4,1.85,3.8,4.2,59,41
10021,2015/2016,9905,10269,0,0,2.05,3.6,3.5,2.1,3.3,3.4,2.1,3.3,3.3,2,3.5,3.5,2.08,3.77,3.65,2.1,3.6,3.1,2.1,3.75,3.4,36,64
10022,2015/2016,8262,8177,0,4,3.1,3.1,2.5,2.9,3.1,2.5,2.65,3.3,2.5,3,3,2.5,3.17,3.18,2.56,3.1,3,2.5,3.1,3.2,2.5,74,26
10023,2015/2016,10189,8226,1,0,1.67,4,5,1.7,3.8,5,1.8,3.5,4.2,1.67,3.8,4.75,1.69,4.19,5.22,1.7,3.8,4.8,1.67,4.2,5,44,56
10024,2015/2016,9788,8262,3,2,1.5,4.33,6.5,1.5,4.33,5.75,1.5,4,6.1,1.5,4.2,6,1.54,4.46,6.82,1.5,4,7,1.5,4.5,6.5,37,63
10025,2015/2016,9790,8406,0,1,2.4,3.3,3,2.35,3.25,2.95,2.3,3.3,2.9,2.3,3.25,3.1,2.38,3.38,3.29,2.4,3.2,3,2.38,3.4,3.1,46,54
10026,2015/2016,10269,8721,3,1,3.5,3.6,2,3.4,3.6,2.1,3.1,3.3,2.2,3.25,3.6,2.1,3.53,3.71,2.14,3.2,3.6,2.15,3.3,3.7,2.15,67,33
10027,2015/2016,9810,8697,2,1,2.25,3.4,3.2,2.3,3.25,3.1,2.3,3.3,2.9,2.2,3.4,3.2,2.22,3.63,3.4,2.25,3.2,3.3,2.2,3.6,3.2,43,57
10028,2015/2016,8722,9789,2,1,7,4.75,1.44,6.25,4.75,1.48,6.1,4,1.5,6.5,4.5,1.44,6.82,4.72,1.51,6,4.33,1.5,7,4.75,1.45,74,26
10029,2015/2016,9904,9823,0,1,15,6.5,1.2,13.5,6.25,1.22,10.3,5.5,1.25,13,6.5,1.2,17.1,7.29,1.21,13,6,1.22,15,7,1.2,76,24
10030,2015/2016,8177,9905,2,0,2.15,3.4,3.4,2.15,3.3,3.3,2.2,3.3,3.1,2.1,3.25,3.5,2.17,3.44,3.72,2.15,3.3,3.4,2.15,3.5,3.5,29,71
10031,2015/2016,8234,8178,0,1,4.75,3.5,1.8,4.5,3.7,1.8,3.8,3.45,1.9,4.5,3.5,1.8,4.87,3.68,1.84,4.5,3.4,1.83,4.6,3.7,1.8,50,50
10032,2015/2016,10189,8697,1,3,1.67,4,5,1.67,3.8,5.25,1.75,3.5,4.5,1.62,3.8,5.25,1.68,4.19,5.37,1.7,3.75,5,1.67,4.2,5,40,60
10033,2015/2016,9788,9789,1,3,4.5,4.2,1.7,4.75,3.9,1.72,4.1,3.6,1.8,4.5,4.2,1.67,5,4.38,1.69,4.5,3.8,1.73,4.75,4.33,1.67,50,50
10034,2015/2016,9790,9823,1,2,13,6.5,1.22,11.5,6.75,1.24,9,5,1.3,15,6.5,1.2,16.2,7.3,1.22,13,6,1.22,15,7.5,1.18,69,31
10035,2015/2016,9810,8721,3,2,3.6,3.5,2.05,3.5,3.6,2.05,3.3,3.3,2.1,3.4,3.6,2,3.7,3.72,2.08,3.5,3.4,2.1,3.4,3.7,2.1,55,45
10036,2015/2016,8722,10269,1,3,2.15,3.5,3.3,2.15,3.3,3.3,2.3,3.3,2.9,2.2,3.3,3.25,2.23,3.53,3.47,2.25,3.2,3.3,2.2,3.5,3.3,50,50
10037,2015/2016,9904,8262,1,2,2.3,3.3,3.2,2.25,3.3,3.1,2.1,3.3,3.3,2.2,3.25,3.3,2.26,3.37,3.56,2.3,3.2,3.2,2.25,3.3,3.4,36,64
10038,2015/2016,8177,8406,0,0,2.2,3.3,3.4,2.2,3.3,3.2,2.3,3.2,3,2.2,3.25,3.3,2.23,3.36,3.64,2.3,3.2,3.2,2.15,3.4,3.5,29,71
10039,2015/2016,8226,8178,1,1,4.33,3.8,1.8,4.33,3.75,1.8,3.8,3.45,1.9,4.33,3.8,1.75,4.77,4.03,1.78,4.5,3.4,1.83,4.6,4,1.75,59,41
10040,2015/2016,8234,9905,1,0,2.4,3.2,3.1,2.5,3.2,2.8,2.6,3.2,2.6,2.4,3.1,3.1,2.45,3.22,3.32,2.5,3,3,2.45,3.25,3.13,54,46
10041,2015/2016,9823,8226,2,0,1.08,13,21,1.11,9.5,23,1.1,8,20,1.1,10,29,1.11,12.3,28,1.11,9,26,1.08,12,26,28,72
10042,2015/2016,9789,8234,2,0,1.17,7,19,1.17,7.25,17,1.22,5.5,12,1.15,7.5,21,1.17,8.3,21.5,1.17,7,17,1.15,8,19,40,60
10043,2015/2016,8178,9904,3,0,1.25,6,12,1.3,5.5,10,1.35,4.8,7.6,1.29,5.5,11,1.3,5.93,11.92,1.3,5,11,1.29,6,10.5,38,62
10044,2015/2016,8721,8722,1,1,1.57,4,5.75,1.62,4,5.5,1.6,3.9,5,1.62,3.8,5.5,1.63,4.2,5.95,1.67,3.6,5.5,1.62,4.2,5.5,34,66
10045,2015/2016,10269,9790,2,1,1.95,3.6,3.8,1.95,3.5,3.7,2.1,3.3,3.3,1.91,3.6,3.8,1.98,3.77,4,2,3.2,4,1.93,3.75,3.9,59,41
10046,2015/2016,8406,9810,0,0,1.95,3.6,4,2.05,3.3,3.6,2.1,3.3,3.3,2,3.4,3.75,2.04,3.67,3.88,2.1,3.2,3.75,2.05,3.6,3.6,46,54
10047,2015/2016,8697,8177,3,3,2.5,3.3,2.8,2.6,3.2,2.75,2.6,3.2,2.6,2.5,3.25,2.75,2.65,3.4,2.87,2.62,3.1,2.8,2.55,3.4,2.8,61,39
10048,2015/2016,9905,9788,1,0,2.6,3.4,2.7,2.6,3.3,2.7,2.6,3.2,2.6,2.5,3.4,2.7,2.57,3.59,2.84,2.6,3.4,2.62,2.55,3.5,2.8,57,43
10049,2015/2016,8262,10189,0,2,3.4,3.4,2.15,3.4,3.3,2.2,2.9,3.3,2.3,3.3,3.3,2.15,3.54,3.5,2.21,3.3,3.2,2.25,3.4,3.5,2.15,65,35
10050,2015/2016,10189,8262,1,1,1.44,4.5,7.5,1.45,4.33,6.75,1.45,4,7,1.44,4.33,8,1.45,4.91,7.93,1.44,4.2,8,1.45,4.8,7,27,73
10051,2015/2016,9788,9905,1,2,1.67,4,5,1.7,3.7,4.75,1.65,3.6,5.1,1.7,3.8,5.25,1.71,4.04,5.36,1.7,3.8,4.8,1.73,4,5,31,69
10052,2015/2016,9790,10269,3,2,2.88,3.5,2.4,2.8,3.3,2.45,2.55,3.4,2.55,2.8,3.5,2.5,2.99,3.52,2.49,2.9,3.2,2.5,2.9,3.6,2.45,51,49
10053,2015/2016,9810,8406,1,1,2.25,3.4,3.25,2.25,3.4,3,2.2,3.3,3.1,2.2,3.5,3.3,2.23,3.55,3.44,2.25,3.2,3.3,2.2,3.6,3.3,49,51
10054,2015/2016,8722,8721,1,1,4.2,3.8,1.83,3.9,3.6,1.87,3.8,3.45,1.9,4.2,3.75,1.85,4.4,3.77,1.89,4.2,3.5,1.85,4.2,3.8,1.91,57,43
10055,2015/2016,9904,8178,0,1,4.2,3.75,1.83,4,3.6,1.85,3.75,3.5,1.9,4.5,3.8,1.8,4.65,3.88,1.83,4.2,3.5,1.85,4.5,3.8,1.85,64,36
10056,2015/2016,8177,8697,1,1,2.05,3.5,3.6,2.1,3.3,3.4,2.1,3.3,3.3,2.1,3.4,3.6,2.11,3.49,3.86,2.05,3.4,3.6,2.1,3.5,3.7,45,55
10057,2015/2016,8226,9823,1,2,9.5,6,1.25,9,5.25,1.33,8,5,1.33,9,5.5,1.33,10.19,6.23,1.31,9,5.5,1.3,11,6,1.3,76,24
10058,2015/2016,8234,9789,0,4,7,4.5,1.45,6.25,4.33,1.48,6.1,4,1.5,7.5,4.5,1.44,7.27,4.61,1.5,7,4.5,1.44,7,4.6,1.5,64,36
10059,2015/2016,10189,8721,3,0,2.45,3.5,2.8,2.45,3.4,2.9,2.4,3.3,2.75,2.3,3.4,2.9,2.46,3.55,3.01,2.4,3.2,3,2.45,3.5,2.88,50,50
10060,2015/2016,8178,9823,0,0,5.25,4.2,1.6,5.5,4.1,1.65,5.1,3.6,1.65,5.25,4,1.62,5.77,4.32,1.63,5,3.8,1.67,5.25,4.3,1.62,69,31
10061,2015/2016,9788,8697,5,1,1.7,4,4.5,1.75,3.8,4.2,1.8,3.5,4.2,1.73,4,4.33,1.78,4.2,4.57,1.73,4,4.33,1.75,4.2,4.3,47,53
10062,2015/2016,9790,8722,1,1,2.5,3.2,3,2.5,3.2,2.8,2.5,3.3,2.65,2.5,3.1,2.9,2.58,3.25,3.08,2.6,3.1,2.8,2.5,3.25,3,30,70
10063,2015/2016,9810,10269,2,4,2.7,3.6,2.5,2.7,3.25,2.6,2.6,3.2,2.6,2.6,3.6,2.5,2.74,3.65,2.62,2.7,3.2,2.62,2.7,3.6,2.55,50,50
10064,2015/2016,9904,9905,0,1,2.75,3.3,2.6,2.7,3.2,2.65,2.6,3.2,2.6,2.62,3.25,2.62,2.81,3.46,2.67,2.7,3.1,2.7,2.75,3.4,2.63,53,47
10065,2015/2016,8177,9789,0,0,6.5,4.33,1.5,6,4.33,1.53,5.6,3.9,1.55,6,4.2,1.5,6.82,4.43,1.54,6.5,4,1.53,6.5,4.4,1.53,54,46
10066,2015/2016,8226,8262,0,2,2,3.3,4,2,3.25,3.75,2,3.3,3.6,1.95,3.3,3.8,2.05,3.48,4.08,2,3.2,4,2,3.4,4,46,54
10067,2015/2016,8234,8406,2,1,2.5,3.1,3.1,2.5,3.2,2.8,2.4,3.3,2.75,2.4,3,3.1,2.48,3.16,3.33,2.5,3,3.1,2.4,3.2,3.2,62,38
10068,2015/2016,9789,9904,1,0,1.14,8.5,17,1.14,7.75,15.5,1.15,7,15,1.13,9,21,1.14,10,21.5,1.14,7.5,21,1.12,10,22,29,71
10069,2015/2016,8721,8234,2,0,1.73,3.6,5.25,1.75,3.7,4.75,1.7,3.6,4.7,1.7,3.6,5,1.75,3.73,5.52,1.75,3.5,5,1.73,3.8,5,52,48
10070,2015/2016,9790,9788,3,2,3.3,3.6,2.1,3.1,3.4,2.2,2.9,3.3,2.3,3.25,3.4,2.15,3.47,3.63,2.19,3.3,3.3,2.2,3.3,3.6,2.2,54,46
10071,2015/2016,10269,8177,2,0,2.1,3.5,3.5,2.15,3.3,3.3,2.2,3.3,3.1,2.05,3.4,3.5,2.11,3.63,3.68,2.1,3.3,3.5,2.1,3.6,3.5,45,55
10072,2015/2016,8406,9823,1,3,13,6,1.22,9.25,6.25,1.28,8.5,4.8,1.33,12,5.75,1.25,13.83,6.38,1.26,12,5,1.29,12,6.5,1.25,58,42
10073,2015/2016,8697,8226,1,1,2.2,3.5,3.25,2.2,3.3,3.2,2.2,3.3,3.1,2.15,3.4,3.25,2.21,3.67,3.39,2.2,3.3,3.3,2.2,3.6,3.3,44,56
10074,2015/2016,8722,9810,3,1,1.91,3.8,3.8,1.95,3.3,3.9,2.1,3.3,3.3,1.85,3.6,4,1.91,3.77,4.33,1.95,3.4,4,1.9,3.8,4,54,46
10075,2015/2016,9905,10189,2,1,2.9,3.4,2.45,2.9,3.25,2.5,2.6,3.2,2.6,2.88,3.4,2.4,3.04,3.47,2.48,2.75,3.4,2.5,2.9,3.4,2.45,50,50
10076,2015/2016,8262,8178,1,2,4.75,3.75,1.75,5,3.6,1.75,4.2,3.5,1.8,4.75,3.6,1.73,5.13,3.79,1.78,4.5,3.5,1.8,4.8,3.8,1.75,56,44
10077,2015/2016,9823,8262,3,1,1.08,12,26,1.08,11,34,1.07,9.5,22,1.07,12,51,1.08,14.9,41,1.08,9,34,1.06,13,51,25,75
10078,2015/2016,10189,10269,1,1,2.15,3.75,3.1,2.15,3.5,3.3,2,3.3,3.6,2.1,3.6,3.2,2.18,3.77,3.36,2.2,3.3,3.3,2.15,3.8,3.2,48,52
10079,2015/2016,8178,9789,0,1,3.4,3.5,2.1,3.4,3.4,2.15,3.1,3.3,2.2,3.3,3.4,2.15,3.31,3.58,2.28,3.3,3.3,2.2,3.25,3.6,2.2,47,53
10080,2015/2016,9788,8722,1,0,1.91,3.6,4,1.95,3.4,3.75,2,3.3,3.6,1.91,3.5,3.8,1.99,3.69,4.05,1.95,3.5,3.8,1.95,3.75,3.75,34,66
10081,2015/2016,9810,9790,0,0,2.25,3.5,3,2.3,3.25,3.1,2.3,3.3,2.9,2.25,3.4,3.1,2.35,3.58,3.17,2.38,3.4,2.9,2.3,3.5,3.1,53,47
10082,2015/2016,9904,8406,0,1,2.63,3.3,2.75,2.7,3.1,2.7,2.6,3.2,2.6,2.62,3.2,2.7,2.73,3.35,2.81,2.7,3.1,2.7,2.7,3.3,2.75,54,46
10083,2015/2016,8177,8721,1,1,2.75,3.3,2.6,2.8,3.2,2.65,2.6,3.2,2.6,2.75,3.2,2.6,2.89,3.35,2.66,2.75,3.2,2.6,2.8,3.4,2.55,44,56
10084,2015/2016,8226,9905,3,2,2.4,3.4,2.9,2.5,3.25,2.75,2.6,3.2,2.6,2.38,3.4,2.9,2.48,3.46,3.05,2.45,3.3,2.9,2.5,3.4,2.9,50,50
10085,2015/2016,8234,8697,2,0,2.1,3.3,3.6,2.15,3.3,3.3,2.3,3.2,3,2.1,3.3,3.5,2.16,3.44,3.75,2.05,3.4,3.6,2.1,3.5,3.6,51,49
10086,2015/2016,9789,8226,3,1,1.18,7,17,1.2,6.75,11,1.25,5.5,10.3,1.2,7,13,1.21,7.85,15,1.2,7,12,1.2,7.5,13,32,68
10087,2015/2016,8721,9823,0,2,9,4.5,1.4,9,4.5,1.45,5.5,4,1.55,7,4.5,1.4,8.3,4.91,1.44,7,4.4,1.44,7.5,4.8,1.44,66,34
10088,2015/2016,9790,8234,1,1,2.4,3,3.3,2.45,3.1,2.95,2.3,3.2,3,2.4,3,3.1,2.51,3.18,3.23,2.5,3,3,2.45,3.2,3.13,56,44
10089,2015/2016,10269,9904,1,2,1.53,4,6.5,1.55,4.2,5.5,1.5,4,6.1,1.55,4.2,5.75,1.57,4.57,6.01,1.55,4,6,1.55,4.5,5.75,51,49
10090,2015/2016,8406,9788,2,2,2.7,3.4,2.6,2.6,3.3,2.6,2.65,3.3,2.5,2.75,3.3,2.5,2.84,3.56,2.59,2.6,3.4,2.6,2.75,3.5,2.55,51,49
10091,2015/2016,8697,8262,2,2,2.1,3.4,3.6,2.1,3.3,3.4,2.2,3.3,3.1,2.1,3.3,3.5,2.14,3.55,3.68,2.1,3.4,3.5,2.1,3.5,3.5,39,61
10092,2015/2016,9810,10189,0,0,3.2,3.4,2.25,3.2,3.4,2.25,3.1,3.3,2.2,3,3.5,2.2,3.25,3.63,2.29,3.1,3.6,2.2,3.13,3.6,2.25,45,55
10093,2015/2016,8722,8177,0,1,2.1,3.3,3.75,2.1,3.3,3.4,2.15,3.3,3.2,2.05,3.25,3.8,2.09,3.38,4.06,2.05,3.25,3.8,2.1,3.3,3.8,60,40
10094,2015/2016,9905,8178,3,1,3.75,3.5,2,3.5,3.4,2.05,3.1,3.3,2.2,3.6,3.4,2,3.96,3.52,2.07,3.75,3.4,2,3.75,3.6,2,48,52
10095,2015/2016,9823,9905,1,2,1.13,9,21,1.13,8,17.5,1.15,7,15,1.13,8.5,23,1.14,9.9,22,1.12,8.5,19,1.12,10,22,23,77
10096,2015/2016,10189,9790,3,2,1.85,3.6,4.33,1.83,3.5,4.25,1.9,3.45,3.8,1.85,3.5,4.2,1.92,3.7,4.4,1.91,3.5,4,1.87,3.75,4.2,40,60
10097,2015/2016,8178,8697,1,4,1.44,4.75,7,1.4,4.75,6.75,1.45,4,7,1.44,4.5,6.5,1.47,4.97,7.33,1.5,4.5,6,1.45,5,6.5,41,59
10098,2015/2016,9788,10269,4,0,2.05,3.8,3.4,2.1,3.4,3.3,2.1,3.3,3.3,2,3.8,3.3,2.1,4.01,3.41,2.05,4,3.1,2.1,4,3.2,34,66
10099,2015/2016,9904,8721,0,4,4.2,3.75,1.85,3.7,3.75,1.95,3.6,3.3,2,4.2,3.6,1.83,3.81,3.75,2.04,4,3.6,1.85,3.7,3.75,2,56,44
10100,2015/2016,8177,9810,2,0,1.85,3.6,4.33,1.8,3.6,4.25,1.8,3.5,4.2,1.85,3.4,4.33,1.92,3.6,4.54,1.85,3.5,4.33,1.9,3.6,4.3,45,55
10101,2015/2016,8226,8406,2,1,2.25,3.4,3.3,2.35,3.4,2.85,2.4,3.3,2.75,2.25,3.4,3,2.3,3.62,3.22,2.38,3.4,2.9,2.25,3.6,3.1,47,53
10102,2015/2016,8234,8722,1,1,2.5,3.1,3,2.5,3.1,2.9,2.6,3.1,2.7,2.4,3,3.1,2.61,3.06,3.22,2.5,2.88,3.2,2.55,3.1,3.1,41,59
10103,2015/2016,8262,9789,0,2,8,4.75,1.4,7,4.75,1.4,7.3,4.4,1.4,7.5,4.5,1.4,8.39,4.98,1.43,7,4.5,1.44,8,5,1.4,65,35
10104,2015/2016,9789,9823,0,0,3.1,3.4,2.3,3,3.3,2.3,3,3.45,2.3,3.1,3.4,2.2,3.29,3.61,2.28,3.2,3.2,2.3,3.1,3.7,2.25,47,53
10105,2015/2016,8721,9788,2,1,1.95,3.75,3.6,2,3.4,3.6,2.2,3.3,3.1,2.05,3.6,3.3,2.02,3.85,3.79,2.1,3.3,3.5,2.05,3.8,3.5,38,62
10106,2015/2016,9790,8177,2,0,2.88,3.1,2.63,2.7,3.25,2.55,2.6,3.2,2.6,2.9,3,2.5,3.03,3.2,2.65,2.8,3,2.7,2.88,3.25,2.6,40,60
10107,2015/2016,10269,8226,5,1,1.91,3.6,4,1.87,3.7,3.8,2,3.3,3.6,1.85,3.8,3.75,1.9,4.02,4.08,1.91,3.6,3.8,1.87,4.1,3.8,51,49
10108,2015/2016,8406,8178,3,3,2.9,3.3,2.5,2.9,3.2,2.4,2.65,3.3,2.5,2.8,3.25,2.5,3.01,3.42,2.53,2.9,3.2,2.5,2.9,3.4,2.5,46,54
10109,2015/2016,8697,9904,4,1,1.73,3.8,4.75,1.75,3.6,4.6,1.8,3.5,4.2,1.73,3.8,4.5,1.76,4.06,4.84,1.8,3.6,4.5,1.73,4.1,4.6,52,48
10110,2015/2016,9810,8234,1,1,2.5,3.2,3,2.4,3.2,2.95,2.4,3.3,2.75,2.6,3,2.88,2.67,3.2,3,2.6,3.1,2.8,2.6,3.25,2.88,43,57
10111,2015/2016,8722,10189,1,3,2.4,3.2,3.1,2.45,3.2,2.85,2.6,3.2,2.6,2.4,3.2,2.9,2.53,3.4,3.02,2.5,3.2,2.9,2.5,3.4,2.9,63,37
10112,2015/2016,9905,8262,0,0,1.75,3.6,5,1.8,3.5,4.4,1.7,3.6,4.7,1.75,3.5,4.75,1.78,3.77,5.18,1.83,3.2,5,1.78,3.75,4.75,39,61
10113,2015/2016,9823,8697,5,0,1.13,9,21,1.15,7.5,14.5,1.12,8,16,1.14,8.5,19,1.14,10.3,21.5,1.14,8,17,1.12,10,22,24,76
10114,2015/2016,9789,9905,2,0,1.36,5,8.5,1.34,5,8.25,1.35,4.8,7.6,1.3,5.25,9.5,1.34,5.74,10.28,1.33,4.8,10,1.3,5.75,10.5,37,63
10115,2015/2016,8178,9790,1,0,1.67,3.75,5.5,1.62,3.9,5,1.7,3.7,4.5,1.62,3.8,5.25,1.64,4.21,5.82,1.65,4,5,1.62,4.2,5.5,60,40
10116,2015/2016,9788,9810,3,0,1.57,4.33,5.5,1.55,4.1,5.5,1.6,3.9,5,1.57,4.2,5.25,1.56,4.68,5.98,1.57,4.5,5,1.57,4.6,5.4,36,64
10117,2015/2016,9904,8722,0,2,3.5,3.3,2.15,3.2,3.4,2.15,2.75,3.3,2.4,3.5,3.3,2.1,3.65,3.53,2.16,3.3,3.3,2.2,3.5,3.5,2.15,42,58
10118,2015/2016,8177,10189,2,0,2.4,3.2,3,2.55,3.25,2.85,2.6,3.2,2.6,2.4,3.25,2.9,2.54,3.3,3.08,2.45,3.25,2.9,2.55,3.2,3,41,59
10119,2015/2016,8226,8721,1,0,3.4,3.6,2.1,3.3,3.4,2.1,3.3,3.3,2.1,3.3,3.6,2.05,3.55,3.78,2.11,3.3,3.5,2.1,3.3,3.9,2.1,56,44
10120,2015/2016,8234,10269,3,3,3,3.2,2.5,2.9,3.25,2.4,2.6,3.2,2.6,2.8,3.3,2.5,2.87,3.41,2.64,2.8,3.1,2.62,2.8,3.4,2.55,57,43
10121,2015/2016,8262,8406,2,2,2.8,3.1,2.7,2.65,3.2,2.65,2.6,3.2,2.6,2.75,3.1,2.62,2.86,3.31,2.71,2.7,3.1,2.7,2.8,3.3,2.63,60,40
10122,2015/2016,10189,9788,2,1,2.45,3.5,2.8,2.5,3.3,2.85,2.4,3.3,2.75,2.4,3.3,2.8,2.59,3.47,2.89,2.4,3.5,2.8,2.5,3.4,2.8,49,51
10123,2015/2016,8721,8262,1,1,1.44,4.33,8,1.44,4.25,7.25,1.45,4,7,1.4,4.33,7.5,1.45,4.72,8.46,1.44,4.2,8,1.45,4.6,7.5,34,66
10124,2015/2016,9790,8226,1,3,2.25,3.4,3.2,2.2,3.3,3.2,2.2,3.3,3.1,2.2,3.3,3.25,2.29,3.51,3.35,2.25,3.3,3.2,2.25,3.5,3.25,42,58
10125,2015/2016,10269,8178,0,2,2.3,3.5,2.9,2.35,3.3,2.9,2.4,3.3,2.75,2.25,3.6,2.9,2.32,3.78,3.08,2.3,3.5,2.9,2.3,3.8,2.9,50,50
10126,2015/2016,8406,9789,1,3,6.5,4.33,1.5,6.25,4.33,1.48,6.1,4,1.5,6.5,4.33,1.5,7.5,4.68,1.49,7,4,1.5,6.5,4.6,1.5,80,20
10127,2015/2016,8697,9905,1,1,2.38,3.4,3,2.4,3.25,2.9,2.5,3.3,2.65,2.3,3.4,2.9,2.38,3.55,3.14,2.4,3.3,2.9,2.38,3.6,2.9,52,48
10128,2015/2016,9810,9904,1,0,1.85,3.6,4.33,1.83,3.5,4.25,1.8,3.5,4.2,1.83,3.5,4.33,1.86,3.73,4.65,1.91,3.4,4.2,1.83,3.75,4.33,46,54
10129,2015/2016,8722,9823,0,1,11,5,1.29,9.75,5.75,1.26,10.3,5.5,1.25,11,5.5,1.29,10.85,5.92,1.32,11,5,1.3,11.5,5.75,1.29,79,21
10130,2015/2016,8177,8234,2,1,2.05,3.2,4,2,3.2,3.9,1.9,3.45,3.8,2,3.1,4,2.13,3.23,4.16,2.1,3,4,2.1,3.25,3.9,45,55
10131,2015/2016,9823,9810,1,0,1.13,9,21,1.1,9,21,1.1,8,20,1.1,10,29,1.1,12.6,30,1.1,9,26,1.08,12,29,28,72
10132,2015/2016,9789,8697,3,2,1.2,7,13,1.2,6.5,11.5,1.25,6,9,1.2,6.5,13,1.22,7.5,14.5,1.22,6,13,1.2,7.5,13,41,59
10133,2015/2016,8178,8721,3,0,2,3.2,4,2,3.5,3.8,2,3.3,3.6,2,3.5,3.6,2.05,3.67,3.87,1.95,3.5,3.8,2.05,3.6,3.6,51,49
10134,2015/2016,9788,8177,5,0,1.83,3.6,4.33,1.83,3.5,4.25,1.9,3.45,3.8,1.8,3.5,4.5,1.88,3.68,4.59,1.85,3.4,4.5,1.87,3.7,4.3,47,53
10135,2015/2016,9904,9790,0,3,3.1,3.25,2.38,2.9,3.25,2.4,2.9,3.3,2.3,3,3.25,2.38,3.14,3.41,2.45,3.1,3.1,2.4,3,3.4,2.4,40,60
10136,2015/2016,8226,8722,1,1,2.38,3.3,3.1,2.45,3.3,2.8,2.2,3.3,3.1,2.38,3.4,2.9,2.47,3.52,3.02,2.5,3.2,2.9,2.4,3.5,3,55,45
10137,2015/2016,9905,8406,4,2,2.1,3.4,3.6,2.05,3.2,3.7,2,3.3,3.6,2.1,3.3,3.5,2.1,3.51,3.86,2.15,3.25,3.5,2.1,3.5,3.6,50,50
10138,2015/2016,8234,10189,3,0,2.75,3,2.7,2.7,3.2,2.6,2.75,3.2,2.5,2.7,3.1,2.7,2.77,3.35,2.77,2.7,3.1,2.7,2.75,3.3,2.7,45,55
10139,2015/2016,8262,10269,2,2,3.4,3.3,2.2,3,3.3,2.3,2.75,3.3,2.4,3,3.4,2.25,3.23,3.57,2.32,3.1,3.5,2.2,3.1,3.6,2.25,57,43
10140,2015/2016,10189,9789,2,2,4.2,4,1.73,4.33,3.6,1.78,4.2,3.5,1.8,4.33,4,1.73,4.82,4.17,1.75,4.33,4,1.73,4.5,4.1,1.75,47,53
10141,2015/2016,8721,9905,1,1,2.2,3.4,3.25,2.05,3.5,3.4,2.3,3.3,2.9,2.1,3.4,3.4,2.16,3.63,3.56,2.05,3.6,3.4,2.1,3.7,3.4,54,46
10142,2015/2016,9790,8262,1,2,2.05,3.4,3.6,2.05,3.25,3.6,2.1,3.3,3.3,2.1,3.2,3.6,2.15,3.33,3.93,2.1,3.25,3.6,2.1,3.4,3.7,35,65
10143,2015/2016,10269,9823,1,3,6,4.33,1.5,6,4.75,1.44,7,4,1.45,5.25,4.6,1.45,6.84,4.82,1.5,6.5,4.75,1.44,6,4.8,1.5,75,25
10144,2015/2016,8697,8406,1,2,2.05,3.4,3.5,2.15,3.3,3.3,2.2,3.3,3.1,2.1,3.5,3.3,2.19,3.7,3.41,2.15,3.5,3.2,2.1,3.7,3.4,42,58
10145,2015/2016,9810,8226,0,2,2.3,3.25,3.1,2.45,3.25,2.8,2.4,3.3,2.75,2.3,3.3,2.9,2.44,3.58,3.02,2.4,3.5,2.8,2.4,3.6,2.9,46,54
10146,2015/2016,8722,8178,0,2,3.1,3.25,2.3,3,3.3,2.3,2.75,3.3,2.4,3.1,3.25,2.3,3.27,3.4,2.38,3.2,3.3,2.25,3.13,3.5,2.3,52,48
10147,2015/2016,8177,9904,2,2,1.5,4.2,7,1.5,4.1,6.25,1.4,4.6,7,1.5,4,6.5,1.52,4.42,7.23,1.5,4,7,1.5,4.33,7,32,68
10148,2015/2016,8234,9788,1,0,3.2,3.4,2.2,3.1,3.3,2.25,2.9,3.3,2.3,3.25,3.3,2.2,3.43,3.46,2.28,3.1,3.3,2.3,3.25,3.5,2.25,48,52
10149,2015/2016,9823,8178,3,0,1.33,5.25,9,1.3,5.25,9,1.33,5,8,1.33,5.5,9,1.35,5.57,10.19,1.33,5,9,1.33,5.75,9.5,37,63
10150,2015/2016,9789,8177,3,1,1.2,6.5,17,1.24,6.25,10.5,1.25,5.5,10.3,1.22,6.5,13,1.24,7.06,14.5,1.25,5.5,13,1.25,6.5,13,43,57
10151,2015/2016,8721,10189,3,0,2,3.8,3.5,2,3.3,3.7,2,3.3,3.6,2,3.6,3.8,2.02,3.8,3.81,1.95,3.8,3.5,2.05,3.8,3.6,39,61
10152,2015/2016,10269,9810,1,4,1.95,3.6,3.8,1.95,3.4,3.8,2,3.3,3.6,1.95,3.75,3.8,1.96,3.91,3.93,1.95,3.5,3.8,1.95,3.9,3.75,52,48
10153,2015/2016,8406,8234,0,1,2,3.4,3.8,2,3.3,3.75,2,3.3,3.6,1.95,3.4,4.2,2.01,3.47,4.28,2,3.25,4,2.05,3.4,4,36,64
10154,2015/2016,8697,9788,2,1,3.2,3.4,2.25,3.1,3.3,2.25,3.3,3.3,2.1,3.2,3.6,2.2,3.36,3.6,2.25,3.3,3.2,2.25,3.25,3.7,2.25,55,45
10155,2015/2016,8722,9790,2,1,1.83,3.5,4.5,1.83,3.5,4.2,1.9,3.45,3.8,1.83,3.6,4.5,1.83,3.7,4.93,1.83,3.4,4.5,1.85,3.8,4.5,52,48
10156,2015/2016,9905,9904,3,0,2,3.5,3.8,1.95,3.4,3.8,2,3.3,3.6,2,3.5,3.8,2.03,3.61,3.99,2,3.25,4,2,3.6,3.9,46,54
10157,2015/2016,8262,8226,0,0,3,3.3,2.4,2.75,3.3,2.5,2.65,3.3,2.5,3,3.4,2.38,3.03,3.49,2.48,2.88,3.3,2.45,2.9,3.5,2.45,68,32
10158,2015/2016,9823,10189,3,0,1.18,7.5,15,1.18,7,12.5,1.22,5.5,12,1.2,7,15,1.2,8.05,16,1.22,6,13,1.17,8,17,32,68
10159,2015/2016,9789,9790,3,0,1.33,5.25,9,1.28,5.75,8.75,1.3,5,9,1.33,5.25,8.5,1.35,5.74,9.29,1.36,4.8,8.5,1.33,5.75,8.5,34,66
10160,2015/2016,8178,9810,3,0,1.36,5.25,8,1.36,5,7.5,1.4,4.5,7,1.36,5,8.5,1.41,5.18,8.56,1.4,4.5,8,1.36,5.25,8.5,36,64
10161,2015/2016,8406,10269,1,0,2.45,3.6,2.75,2.5,3.3,2.75,2.3,3.3,2.9,2.4,3.6,2.62,2.59,3.68,2.76,2.6,3.4,2.6,2.5,3.7,2.7,43,57
10162,2015/2016,8697,8721,3,2,2.5,3.5,2.75,2.35,3.5,2.75,2.5,3.3,2.65,2.4,3.5,2.75,2.48,3.77,2.84,2.4,3.5,2.8,2.45,3.75,2.75,58,42
10163,2015/2016,9904,9788,2,0,5.5,4,1.62,5,4.1,1.65,4.7,3.6,1.7,5,4,1.65,5.36,4.26,1.67,4.75,4,1.67,5,4.33,1.65,39,61
10164,2015/2016,8226,8177,2,1,2.38,3.4,3,2.45,3.25,2.85,2.5,3.2,2.75,2.3,3.25,3,2.4,3.42,3.21,2.5,3.1,3,2.38,3.4,3.1,52,48
10165,2015/2016,9905,8722,2,3,2.1,3.4,3.6,2,3.4,3.6,2.1,3.3,3.3,2.1,3.3,3.5,2.13,3.47,3.81,2.1,3.3,3.5,2.1,3.5,3.6,45,55
10166,2015/2016,8262,8234,2,0,2.55,3.2,2.88,2.5,3.1,2.85,2.6,3,2.8,2.6,3,2.9,2.66,3.19,3.02,2.62,3,2.9,2.63,3.2,2.9,55,45
10167,2015/2016,10189,8178,2,3,3,3.3,2.4,2.85,3.5,2.3,2.6,3.2,2.6,2.88,3.5,2.3,3.09,3.66,2.36,3,3.2,2.4,3,3.7,2.3,36,64
10168,2015/2016,9788,8226,3,1,1.62,4.2,5.25,1.62,3.9,5,1.65,3.8,4.8,1.62,4.33,4.75,1.66,4.44,5.22,1.62,3.8,5.5,1.62,4.6,5,45,55
10169,2015/2016,8721,8406,0,2,1.8,3.75,4.33,1.75,3.7,4.4,1.9,3.45,3.8,1.75,3.8,4.2,1.81,3.95,4.69,1.8,3.6,4.5,1.8,4,4.33,35,65
10170,2015/2016,9790,8697,2,1,2.6,3.5,2.63,2.6,3.55,2.6,2.4,3.3,2.75,2.5,3.5,2.6,2.68,3.52,2.76,2.6,3.3,2.7,2.55,3.6,2.7,44,56
10171,2015/2016,10269,9789,0,3,4.75,4.2,1.65,4.5,4.1,1.65,4.4,3.8,1.7,4.33,4,1.7,4.89,4.27,1.72,4.5,3.8,1.73,4.6,4.3,1.7,64,36
10172,2015/2016,9810,9905,2,1,2.88,3.3,2.5,2.7,3.25,2.55,2.65,3.3,2.5,2.8,3.3,2.4,2.88,3.56,2.55,2.9,3.2,2.5,2.8,3.6,2.45,45,55
10173,2015/2016,8722,8262,4,1,1.95,3.3,4.33,1.91,3.4,3.9,2,3.3,3.6,1.91,3.3,4.2,2.01,3.42,4.34,2,3.2,4,2,3.4,4.1,29,71
10174,2015/2016,8177,9823,0,2,9,4.5,1.4,7,4.4,1.42,7.3,4.4,1.4,7.5,4.5,1.4,8.71,4.91,1.43,8.5,4,1.44,8,4.8,1.4,63,37
10175,2015/2016,8234,9904,2,2,1.91,3.4,4.33,1.83,3.5,4.25,1.8,3.5,4.2,1.83,3.5,4.33,1.89,3.74,4.45,1.91,3.4,4.2,1.85,3.7,4.4,43,57
10176,2015/2016,9823,9788,1,1,1.4,5,7.5,1.44,5.25,6,1.4,4.4,7.3,1.4,4.75,6.5,1.44,5.2,7.54,1.44,4.5,6.5,1.44,5.2,6.5,50,50
10177,2015/2016,9789,8721,5,1,1.36,5,8.5,1.35,5.5,7.75,1.4,4.5,7,1.35,5,8.5,1.37,5.53,8.97,1.4,4.5,7.5,1.33,5.5,9,46,54
10178,2015/2016,8178,8177,2,1,1.62,3.75,6,1.62,4,5.5,1.55,4,5.5,1.62,3.8,5.5,1.63,4.2,5.95,1.67,3.75,5,1.6,4.2,5.75,48,52
10179,2015/2016,8406,8722,0,0,2.45,3.25,3,2.4,3.4,2.95,2.2,3.3,3.1,2.5,3.3,2.8,2.56,3.47,2.94,2.38,3.3,3,2.45,3.5,2.8,51,49
10180,2015/2016,8697,10269,6,2,2.05,3.6,3.5,2.1,3.8,3.25,2.2,3.3,3.1,2.05,3.8,3.2,2.11,3.96,3.41,2,3.75,3.1,2.05,4,3.25,46,54
10181,2015/2016,9904,10189,1,3,3.8,4,1.85,4,3.9,1.83,4,3.45,1.85,4,3.8,1.8,4.12,4.05,1.88,4.5,3.5,1.8,4,4.1,1.83,59,41
10182,2015/2016,8226,8234,2,1,1.8,3.6,4.6,1.8,3.6,4.6,1.9,3.45,3.8,1.8,3.6,4.5,1.86,3.79,4.56,1.83,3.6,4.2,1.83,3.6,4.6,44,56
10183,2015/2016,9905,9790,0,0,1.8,3.75,4.33,1.75,3.9,4.5,1.9,3.45,3.8,1.75,3.6,4.5,1.76,3.99,4.95,1.8,3.5,4.5,1.75,4,4.6,41,59
10184,2015/2016,8262,9810,1,2,2.5,3.2,3,2.5,3.3,2.9,2.4,3.3,2.75,2.5,3.25,2.8,2.56,3.41,2.97,2.5,3.2,2.88,2.5,3.5,2.88,59,41
10185,2015/2016,10189,8406,1,1,1.7,4.2,4.5,1.7,3.9,4.5,1.65,3.7,4.9,1.67,4,4.5,1.72,4.28,4.85,1.67,4.2,4.5,1.73,4.1,4.6,35,65
10186,2015/2016,9788,8178,2,1,1.91,3.8,3.8,1.9,3.7,3.7,1.75,3.7,4.2,1.85,3.6,3.8,1.89,3.94,4.2,1.91,3.6,3.75,1.9,4,3.8,47,53
10187,2015/2016,9790,8721,0,1,2.7,3.4,2.63,2.6,3.2,2.7,2.4,3.3,2.75,2.62,3.3,2.62,2.75,3.48,2.7,2.6,3.3,2.7,2.7,3.4,2.63,47,53
10188,2015/2016,10269,9905,1,3,2.1,3.8,3.2,2.05,3.6,3.25,2,3.4,3.5,2.05,3.8,3.1,2.16,3.99,3.26,2.05,4,3.1,2.1,4,3.2,56,44
10189,2015/2016,9810,9789,1,0,7,4.75,1.45,7,4.75,1.4,5.2,4.5,1.5,6,4.5,1.48,7.06,4.98,1.48,7,5,1.4,6.5,5,1.45,66,34
10190,2015/2016,8722,8697,0,0,2.8,3.75,2.38,2.75,3.75,2.25,2.7,3.6,2.3,2.8,3.6,2.3,2.94,3.81,2.39,2.8,3.75,2.3,2.75,3.9,2.38,51,49
10191,2015/2016,9904,8226,1,0,3.4,3.75,2.05,3.4,3.6,2,3.8,3.45,1.9,3.3,3.8,2,3.42,3.88,2.13,3.25,3.8,2.05,3.25,3.75,2.1,50,50
10192,2015/2016,8177,8262,1,2,1.75,3.6,5,1.7,3.75,4.6,1.75,3.6,4.3,1.75,3.6,4.5,1.83,3.84,4.71,1.83,3.2,4.8,1.8,3.8,4.5,33,67
10193,2015/2016,8234,9823,1,2,15,7,1.18,10,6.5,1.22,10.3,5.5,1.25,15,6.5,1.2,16.77,6.86,1.23,11,6,1.25,15,7,1.2,63,37
10194,2015/2016,9823,9904,3,1,1.08,11,26,1.09,11,16,1.15,7,15,1.09,12,29,1.1,14.3,25.04,1.08,9,17,1.13,10,20,44,56
10195,2015/2016,9789,8722,2,2,1.29,5.75,8,1.3,5.5,8.5,1.3,5,9,1.3,5.75,9,1.31,6.46,10.01,1.25,6,8,1.3,6,9.5,24,76
10196,2015/2016,8178,8234,3,2,1.5,4.33,6.5,1.5,4.33,5.75,1.5,4,6.1,1.5,4.5,5.5,1.56,4.82,5.88,1.44,4.33,6,1.53,4.75,5.75,54,46
10197,2015/2016,8721,10269,3,1,2.3,4,2.75,2.35,3.8,2.6,2.5,3.5,2.5,2.25,3.8,2.75,2.34,4.1,2.86,2.45,3.6,2.6,2.38,4.1,2.7,42,58
10198,2015/2016,8406,9790,1,3,2,3.5,3.8,2,3.5,3.5,2,3.3,3.6,2,3.5,3.6,2.02,3.7,3.94,2,3.6,3.2,2,3.7,3.7,56,44
10199,2015/2016,8697,9810,1,0,2,3.75,3.5,2,3.7,3.3,2.1,3.3,3.3,1.91,3.6,3.6,1.99,3.83,3.89,2,3.75,3.1,2,3.8,3.6,49,51
10200,2015/2016,8226,10189,1,4,3.2,3.8,2.05,2.9,3.9,2.15,3,3.6,2.1,3,3.8,2.15,3.09,4.06,2.22,2.88,3.75,2.1,3,3.9,2.2,49,51
10201,2015/2016,9905,8177,0,0,2.05,3.6,3.5,2.05,3.6,3.25,1.85,3.5,3.9,2.05,3.4,3.5,2.09,3.65,3.73,2.1,3.4,3.1,2.1,3.6,3.5,60,40
10202,2015/2016,8262,9788,0,2,3.5,3.75,2,3.7,3.5,1.95,3.8,3.45,1.9,3.5,3.8,1.95,3.81,3.8,2.02,3.5,3.6,1.91,3.6,3.8,2,60,40
10203,2015/2016,9823,8406,2,1,1.13,9.5,19,1.13,9.25,18,1.12,8,16,1.13,8.5,23,1.14,9.75,23.5,1.14,7.5,19,1.13,9.5,26,33,67
10204,2015/2016,10189,9905,2,1,1.85,3.75,4.2,1.87,3.5,4.33,1.8,3.5,4.2,1.8,3.5,4.2,1.88,3.82,4.38,1.85,3.5,4.33,1.9,3.8,4.3,38,62
10205,2015/2016,8178,8262,0,1,1.25,6,13,1.26,6,11,1.3,5,9,1.25,5.5,12,1.28,6.13,13.15,1.29,5,12,1.29,6,13,26,74
10206,2015/2016,9788,9790,0,3,1.67,4,5,1.67,3.75,5,1.65,3.7,4.9,1.67,4,5.25,1.68,4.08,5.56,1.7,3.8,4.8,1.67,4.1,5.25,49,51
10207,2015/2016,9810,8722,6,2,2.3,3.3,3.2,2.3,3.3,3,2.3,3.3,2.9,2.3,3.25,3.1,2.34,3.52,3.24,2.3,3.2,3.2,2.38,3.6,3.1,37,63
10208,2015/2016,9904,9789,2,4,7.5,4.5,1.44,7.25,4.5,1.45,7,4,1.45,6.5,4.5,1.44,7.68,4.76,1.47,7,4.5,1.44,6.5,5,1.5,71,29
10209,2015/2016,8177,10269,2,1,2.5,3.4,2.8,2.5,3.3,2.7,2.4,3.3,2.75,2.4,3.3,2.8,2.54,3.52,2.92,2.5,3.25,2.88,2.5,3.5,2.9,37,63
10210,2015/2016,8226,8697,1,3,1.95,3.75,3.75,1.95,3.4,3.8,1.9,3.45,3.8,1.91,3.6,3.75,1.97,3.88,3.92,1.95,3.6,3.75,1.95,3.9,3.75,43,57
10211,2015/2016,8234,8721,0,0,4,3.6,1.91,4.1,3.6,1.9,4,3.45,1.85,4,3.5,1.85,4.29,3.73,1.93,4.2,3.4,1.91,4,3.75,1.95,47,53
10212,2015/2016,9789,8178,3,0,1.73,4,4.5,1.75,3.6,5,1.65,3.7,4.9,1.75,3.75,4.33,1.77,4.1,4.74,1.75,3.5,5,1.8,4.2,4.4,41,59
10213,2015/2016,8721,8177,2,0,1.5,4.33,6.5,1.5,4.2,6.75,1.5,4,6.1,1.5,4.33,7,1.51,4.54,7.32,1.5,4.2,6.5,1.53,4.5,6.5,46,54
10214,2015/2016,9790,9810,0,0,2.5,3.5,2.75,2.55,3.3,2.65,2.5,3.3,2.65,2.5,3.5,2.75,2.58,3.63,2.8,2.5,3.3,2.8,2.5,3.75,2.8,45,55
10215,2015/2016,10269,10189,0,1,2.63,3.5,2.6,2.65,3.4,2.65,2.65,3.3,2.5,2.6,3.5,2.5,2.67,3.68,2.67,2.7,3.25,2.62,2.63,3.6,2.63,51,49
10216,2015/2016,8406,9904,2,0,2,3.5,3.75,2,3.3,3.7,1.9,3.45,3.8,2.05,3.4,3.8,2.02,3.59,4.05,2,3.3,3.8,2.05,3.5,3.9,36,64
10217,2015/2016,8697,8234,0,1,2.05,3.5,3.6,2.05,3.4,3.5,2.1,3.3,3.3,2,3.5,3.8,2.06,3.61,3.88,2.1,3.3,3.6,2.1,3.6,3.6,48,52
10218,2015/2016,8722,9788,1,0,2.4,3.3,3,2.4,3.25,2.9,2.55,3.4,2.55,2.4,3.4,3,2.45,3.47,3.09,2.4,3.1,3.1,2.45,3.5,3,66,34
10219,2015/2016,9905,8226,3,1,2.15,3.5,3.3,2.2,3.3,3.2,2.2,3.3,3.1,2.15,3.5,3.4,2.22,3.68,3.36,2.2,3.5,3.1,2.2,3.6,3.25,30,70
10220,2015/2016,8262,9823,0,3,19,7,1.17,16,7.5,1.17,12.5,6,1.2,17,6.5,1.18,18.7,7.5,1.2,17,6,1.2,20,7.5,1.18,73,27
10221,2015/2016,9823,8721,5,1,1.25,6,12,1.3,5.25,11.5,1.35,4.8,7.6,1.25,6,12,1.3,6,12.12,1.29,5.5,10,1.25,6.5,13,40,60
10222,2015/2016,10189,9810,2,0,1.83,3.8,4.2,1.8,3.9,4.25,1.75,3.5,4.5,1.8,3.8,4,1.85,4.03,4.31,1.75,4,4.2,1.83,4.2,4.1,48,52
10223,2015/2016,8178,9905,1,0,1.53,4.33,6,1.57,4,6,1.6,3.9,5,1.55,4,5.75,1.56,4.47,6.36,1.6,4.2,5,1.57,4.4,6,26,74
10224,2015/2016,9788,8406,4,2,2.15,3.4,3.4,2.2,3.3,3.2,2.2,3.3,3.1,2.1,3.3,3.4,2.18,3.5,3.62,2.2,3.3,3.3,2.1,3.5,3.5,40,60
10225,2015/2016,9904,10269,1,3,2.88,3.5,2.4,2.85,3.3,2.4,2.65,3.3,2.5,2.9,3.4,2.3,2.97,3.59,2.47,3.1,3.1,2.4,2.88,3.6,2.45,48,52
10226,2015/2016,8177,8722,2,0,2.38,3.25,3.1,2.4,3.3,2.85,2.4,3.3,2.75,2.3,3.1,3.1,2.4,3.31,3.31,2.38,3.25,3,2.38,3.4,3.25,40,60
10227,2015/2016,8226,9789,1,1,7,4.75,1.44,6.75,4.5,1.48,6.1,4,1.5,6,4.5,1.44,7.69,5.02,1.45,6.5,4.75,1.44,6.5,5,1.5,70,30
10228,2015/2016,8234,9790,0,1,2.3,3.3,3.25,2.3,3.2,3.1,2.3,3.3,2.9,2.2,3.1,3.3,2.31,3.34,3.45,2.3,3.2,3.2,2.25,3.4,3.4,52,48
10229,2015/2016,8262,8697,2,1,2.63,3.25,2.8,2.65,3.2,2.65,2.6,3.2,2.6,2.5,3.2,2.75,2.64,3.44,2.85,2.7,3.1,2.7,2.63,3.5,2.8,47,53
10230,2015/2016,9789,8262,2,2,1.14,8.5,17,1.16,8,16.5,1.15,7,15,1.13,8.5,21,1.15,9.5,22.4,1.14,7,21,1.13,9.5,26,29,71
10231,2015/2016,8721,9904,1,1,1.4,4.75,8,1.42,4.75,7.5,1.45,4,7,1.4,4.5,7.5,1.44,4.95,8.02,1.4,4.5,8,1.44,5,7.5,26,74
10232,2015/2016,9790,10189,0,1,2.88,3.5,2.4,2.85,3.3,2.5,2.75,3.3,2.4,2.75,3.4,2.4,2.88,3.56,2.55,2.9,3.2,2.5,2.8,3.6,2.5,54,46
10233,2015/2016,10269,9788,1,3,2.1,3.5,3.4,2.1,3.5,3.2,2.2,3.3,3.1,2,3.6,3.4,2.08,3.8,3.62,2.1,3.4,3.4,2.1,3.8,3.4,54,46
10234,2015/2016,8406,8226,1,3,2.25,3.5,3.1,2.25,3.4,3,2.2,3.3,3.1,2.2,3.4,3.1,2.26,3.6,3.33,2.3,3.2,3.2,2.25,3.6,3.25,45,55
10235,2015/2016,8697,8178,0,3,3.8,3.6,1.95,3.75,3.5,2,3.3,3.3,2.1,3.8,3.6,1.85,4.21,3.8,1.93,4,3.4,1.95,4,3.8,1.95,60,40
10236,2015/2016,9810,8177,1,1,1.95,3.5,4,1.95,3.4,3.75,2,3.3,3.6,1.91,3.6,3.8,2.01,3.75,3.91,1.95,3.5,3.8,2,3.8,3.9,47,53
10237,2015/2016,8722,8234,1,1,2.05,3.3,3.8,2.05,3.25,3.6,2.1,3.3,3.3,2.05,3.3,4,2.07,3.37,4.16,2.05,3.25,3.8,2.05,3.4,4,49,51
10238,2015/2016,9905,9823,0,3,12,6,1.25,10.5,5.75,1.28,10,5.2,1.27,12,5.75,1.25,13.31,6.32,1.27,12,5,1.29,13,6.25,1.29,70,30
10239,2015/2016,9823,9789,5,1,1.5,4.33,6.5,1.53,4.4,6.5,1.6,4,5.5,1.5,4.2,6,1.54,4.56,6.6,1.5,4.4,6,1.53,4.5,6,47,53
10240,2015/2016,10189,8722,0,3,1.73,3.8,4.8,1.75,3.7,4.75,1.8,3.5,4.2,1.73,3.8,4.5,1.75,4.02,4.99,1.8,3.2,5,1.73,4,4.75,40,60
10241,2015/2016,8178,8406,1,1,1.4,4.75,8,1.4,4.75,8,1.4,4.4,7.3,1.36,4.5,8.5,1.4,5.05,9.21,1.4,4.2,9,1.4,5,8,45,55
10242,2015/2016,9788,8721,2,0,2.6,3.4,2.7,2.7,3.25,2.7,2.6,3.2,2.6,2.62,3.3,2.5,2.77,3.55,2.65,2.7,3.1,2.7,2.7,3.5,2.6,53,47
10243,2015/2016,9904,8697,1,0,2.6,3.4,2.7,2.65,3.2,2.65,2.5,3.3,2.65,2.5,3.3,2.62,2.66,3.55,2.76,2.62,3.1,2.8,2.55,3.6,2.7,48,52
10244,2015/2016,8177,9790,3,0,2.2,3.2,3.5,2.15,3.3,3.3,2.2,3.2,3.2,2.1,3.25,3.5,2.17,3.38,3.8,2.15,3.25,3.5,2.15,3.4,3.6,48,52
10245,2015/2016,8226,10269,2,2,2.45,3.75,2.65,2.5,3.3,2.7,2.4,3.3,2.75,2.38,3.6,2.7,2.5,3.8,2.8,2.5,3.2,2.8,2.5,3.8,2.63,43,57
10246,2015/2016,8234,9810,2,0,2.5,3.25,2.9,2.6,3.25,2.65,2.5,3.3,2.65,2.5,3.25,2.75,2.59,3.39,2.95,2.62,3.1,2.8,2.55,3.4,2.8,56,44
10247,2015/2016,8262,9905,2,3,3.1,3.25,2.4,3,3.1,2.45,2.6,3.2,2.6,3,3.25,2.3,3.21,3.39,2.42,2.9,3.25,2.45,3.1,3.4,2.38,58,42
10248,2015/2016,10189,8177,2,1,1.75,3.75,4.75,1.8,3.75,4.4,1.75,3.5,4.5,1.75,3.6,4.5,1.84,3.87,4.58,1.83,3.4,4.5,1.8,3.9,4.4,42,58
10249,2015/2016,8721,8226,4,2,1.62,4.33,5,1.65,4,5.25,1.65,3.6,5.1,1.62,4,5,1.65,4.38,5.45,1.67,3.6,5.5,1.65,4.4,5,44,56
10250,2015/2016,9790,8178,0,0,4.75,3.5,1.8,4.6,3.6,1.8,4.2,3.5,1.8,4.5,3.6,1.75,4.49,3.84,1.86,4.5,3.4,1.85,4.6,3.5,1.85,58,42
10251,2015/2016,10269,8234,1,0,1.8,3.75,4.33,1.83,3.6,4.1,1.8,3.5,4.2,1.75,3.75,4.5,1.79,3.96,4.76,1.83,3.4,4.5,1.75,3.9,4.6,50,50
10252,2015/2016,8406,8262,0,2,1.8,3.5,4.75,1.85,3.5,4.1,1.85,3.45,4,1.8,3.4,4.5,1.83,3.69,4.91,1.85,3.4,4.5,1.8,3.75,4.6,32,68
10253,2015/2016,8697,9823,0,1,17,7,1.18,12,7,1.22,13,5.8,1.2,12,6.5,1.22,15,7.38,1.22,13,6,1.22,13,7.5,1.2,76,24
10254,2015/2016,9810,9788,1,5,2.45,3.4,2.88,2.5,3.3,2.7,2.55,3.4,2.55,2.3,3.4,2.9,2.4,3.58,3.08,2.5,3.2,2.9,2.3,3.6,3.1,54,46
10255,2015/2016,8722,9904,0,1,1.95,3.5,4,1.95,3.4,3.8,1.8,3.5,4.2,1.85,3.4,4,1.96,3.58,4.34,2,3.2,4,1.93,3.6,4.1,39,61
10256,2015/2016,9905,9789,0,2,5.75,4.75,1.5,5.5,4.6,1.53,5.5,4,1.55,6,4.5,1.48,6.74,4.85,1.5,6,4.4,1.5,5.75,4.75,1.53,54,46
